snapshot,pair,base,quote,level_divergence_bp,revision_divergence_bp,context,primary_eligible,registered_full_g10,snapshot_date,next_return_percent
2023-01-31,AUDCAD,AUD,CAD,54.1891884754336,11.633083465793597,BASE_HAWKISH,True,False,2023-01-31,-2.915746394235539
2023-01-31,GBPAUD,GBP,AUD,40.15058907760498,2.745380025478454,BASE_HAWKISH,True,False,2023-01-31,2.241736181987117
2023-01-31,AUDNOK,AUD,NOK,54.9507283302938,8.882166376883106,BASE_HAWKISH,True,False,2023-01-31,-1.2425842667241926
2023-01-31,AUDNZD,AUD,NZD,28.8750159090592,15.587481651820795,BASE_HAWKISH,True,False,2023-01-31,0.28292148126170624
2023-01-31,AUDSEK,AUD,SEK,-29.415746061131912,-16.949784921130288,BASE_DOVISH,True,False,2023-01-31,-4.226500492715938
2023-01-31,EURCAD,EUR,CAD,81.28021915264566,7.25841538338657,BASE_HAWKISH,True,False,2023-01-31,-1.0972816350888916
2023-01-31,GBPCAD,GBP,CAD,94.33977755303857,14.37846349127205,BASE_HAWKISH,True,False,2023-01-31,-0.6740102122484224
2023-01-31,CADSEK,CAD,SEK,-83.60493453656551,-28.582868386923884,BASE_DOVISH,True,False,2023-01-31,-1.3107540984803987
2023-01-31,USDCAD,USD,CAD,14.588630233452129,15.405738153495541,BASE_HAWKISH,True,False,2023-01-31,0.8979365190832787
2023-01-31,CHFNOK,CHF,NOK,0.6148999304241656,19.557178712573105,BASE_HAWKISH,True,False,2023-01-31,1.4267790644512557
2023-01-31,CHFSEK,CHF,SEK,-83.75157446100155,-6.274772585440289,BASE_DOVISH,True,False,2023-01-31,-1.5571371615404894
2023-01-31,EURGBP,EUR,GBP,-13.059558400392916,-7.120048107885481,BASE_DOVISH,True,False,2023-01-31,-0.42327142284046937
2023-01-31,EURNOK,EUR,NOK,82.04175900750586,4.507498294476079,BASE_HAWKISH,True,False,2023-01-31,0.5758804924224546
2023-01-31,EURNZD,EUR,NZD,55.96604658627126,11.212813569413768,BASE_HAWKISH,True,False,2023-01-31,2.1013862404083534
2023-01-31,EURSEK,EUR,SEK,-2.3247153839198518,-21.324453003537315,BASE_DOVISH,True,False,2023-01-31,-2.4080357335692906
2023-01-31,GBPNOK,GBP,NOK,95.10131740789878,11.62754640236156,BASE_HAWKISH,True,False,2023-01-31,0.999151915262924
2023-01-31,GBPNZD,GBP,NZD,69.02560498666418,18.33286167729925,BASE_HAWKISH,True,False,2023-01-31,2.524657663248823
2023-01-31,NOKSEK,NOK,SEK,-84.36647439142571,-25.831951298013394,BASE_DOVISH,True,False,2023-01-31,-2.983916225991745
2023-01-31,USDNOK,USD,NOK,15.350170088312325,12.65482106458505,BASE_HAWKISH,True,False,2023-01-31,2.571098646594625
2023-01-31,NZDSEK,NZD,SEK,-58.29076197019111,-32.53726657295108,BASE_DOVISH,True,False,2023-01-31,-4.509421973977644
2023-01-31,USDSEK,USD,SEK,-69.01630430311339,-13.177130233428343,BASE_DOVISH,True,False,2023-01-31,-0.41281757939712005
2023-02-28,AUDCAD,AUD,CAD,63.24638443570019,9.05719596026659,BASE_HAWKISH,True,False,2023-02-28,-0.9355369240343823
2023-02-28,EURAUD,EUR,AUD,-11.846282354506371,-38.93731303171843,BASE_DOVISH,True,False,2023-02-28,3.1724903615245075
2023-02-28,AUDNOK,AUD,NOK,84.06485266201094,29.11412433171714,BASE_HAWKISH,True,False,2023-02-28,0.6079225163310742
2023-02-28,AUDNZD,AUD,NZD,62.13298614889074,33.257970239831536,BASE_HAWKISH,True,False,2023-02-28,-2.1553757215765406
2023-02-28,AUDUSD,AUD,USD,86.43206496803067,46.8315067260492,BASE_HAWKISH,True,False,2023-02-28,-0.7903176062205999
2023-02-28,CADCHF,CAD,CHF,-10.877890758204408,-11.024530682640439,BASE_DOVISH,True,False,2023-02-28,-2.0260570500080894
2023-02-28,CADNOK,CAD,NOK,20.818468226310745,20.05692837145055,BASE_HAWKISH,True,False,2023-02-28,1.5434594403654565
2023-02-28,USDCAD,USD,CAD,-23.185680532330476,-37.77431076578261,BASE_DOVISH,True,False,2023-02-28,-0.1452193178137824
2023-02-28,CHFNOK,CHF,NOK,31.696358984515154,31.08145905409099,BASE_HAWKISH,True,False,2023-02-28,3.569516490373546
2023-02-28,NZDCHF,NZD,CHF,-9.764492471394952,-35.225304962205385,BASE_DOVISH,True,False,2023-02-28,-0.8062182524659312
2023-02-28,USDCHF,USD,CHF,-34.06357129053488,-48.79884144842305,BASE_DOVISH,True,False,2023-02-28,-2.171276367821872
2023-02-28,EURGBP,EUR,GBP,-18.275982418321746,-5.21642401792883,BASE_DOVISH,True,False,2023-02-28,0.24940082736847313
2023-02-28,EURSEK,EUR,SEK,-20.536355933241524,-18.21164054932167,BASE_DOVISH,True,False,2023-02-28,1.8114411717756653
2023-02-28,EURUSD,EUR,USD,74.5857826135243,7.894193694330767,BASE_HAWKISH,True,False,2023-02-28,2.3821727553039076
2023-02-28,GBPSEK,GBP,SEK,-2.2603735149197774,-12.995216531392842,BASE_DOVISH,True,False,2023-02-28,1.5620403444071922
2023-02-28,GBPUSD,GBP,USD,92.86176503184605,13.110617712259597,BASE_HAWKISH,True,False,2023-02-28,2.1327719279354342
2023-02-28,NOKSEK,NOK,SEK,-92.75492624074609,-8.38845184932038,BASE_DOVISH,True,False,2023-02-28,-1.9689717060799163
2023-02-28,USDNOK,USD,NOK,-2.3672123060197308,-17.71738239433206,BASE_DOVISH,True,False,2023-02-28,1.398240122551674
2023-02-28,NZDSEK,NZD,SEK,-70.82305972762589,-12.532297757434776,BASE_DOVISH,True,False,2023-02-28,0.7943265318276984
2023-02-28,NZDUSD,NZD,USD,24.299078819139933,13.573536486217662,BASE_HAWKISH,True,False,2023-02-28,1.3650581153559407
2023-02-28,USDSEK,USD,SEK,-95.12213854676583,-26.10583424365244,BASE_DOVISH,True,False,2023-02-28,-0.5707315835282423
2023-03-31,AUDCAD,AUD,CAD,97.37887578697317,34.13249135127297,BASE_HAWKISH,True,False,2023-03-31,-0.7629322609573668
2023-03-31,EURAUD,EUR,AUD,-24.668326789469134,-12.822044434962763,BASE_DOVISH,True,False,2023-03-31,2.405071591369273
2023-03-31,GBPAUD,GBP,AUD,-22.856175992733696,-29.28587605654907,BASE_DOVISH,True,False,2023-03-31,2.25731910668436
2023-03-31,AUDSEK,AUD,SEK,5.298385893007861,13.988459471743013,BASE_HAWKISH,True,False,2023-03-31,-1.7776393456818635
2023-03-31,AUDUSD,AUD,USD,103.11817926657005,16.686114298539387,BASE_HAWKISH,True,False,2023-03-31,-1.435078627286427
2023-03-31,CADCHF,CAD,CHF,-50.78265436236916,-39.90476360416475,BASE_DOVISH,True,False,2023-03-31,-2.9447275465587968
2023-03-31,EURCAD,EUR,CAD,72.71054899750403,21.310446916310205,BASE_HAWKISH,True,False,2023-03-31,1.6421393304119063
2023-03-31,GBPCAD,GBP,CAD,74.52269979423947,4.846615294723897,BASE_HAWKISH,True,False,2023-03-31,1.494386845726993
2023-03-31,CADNOK,CAD,NOK,-37.86292779544252,-58.68139602175327,BASE_DOVISH,True,False,2023-03-31,1.7828234232213436
2023-03-31,NZDCAD,NZD,CAD,42.75162067067955,41.638222383870094,BASE_HAWKISH,True,False,2023-03-31,-1.0355790854884
2023-03-31,CADSEK,CAD,SEK,-92.08048989396531,-20.144031879529955,BASE_DOVISH,True,False,2023-03-31,-1.0147070847244968
2023-03-31,USDCHF,USD,CHF,-56.521957841966056,-22.45838655143117,BASE_DOVISH,True,False,2023-03-31,-2.2725811802297367
2023-03-31,EURUSD,EUR,USD,78.44985247710092,3.864069863576624,BASE_HAWKISH,True,False,2023-03-31,0.9699929640828461
2023-03-31,GBPSEK,GBP,SEK,-17.557790099725835,-15.297416584806058,BASE_DOVISH,True,False,2023-03-31,0.4796797610024963
2023-03-31,USDNOK,USD,NOK,-43.602231275039415,-41.23501896901969,BASE_DOVISH,True,False,2023-03-31,2.454969789550404
2023-03-31,NZDUSD,NZD,USD,48.49092415027644,24.191845331136513,BASE_HAWKISH,True,False,2023-03-31,-1.7077254518174603
2023-03-31,USDSEK,USD,SEK,-97.81979337356219,-2.6976548267963736,BASE_DOVISH,True,False,2023-03-31,-0.34256071839543656
2023-04-30,AUDCAD,AUD,CAD,127.20771080808936,29.8288350211162,BASE_HAWKISH,True,False,2023-04-30,-1.692268238612271
2023-04-30,AUDCHF,AUD,CHF,57.86404289674578,11.267821472141776,BASE_HAWKISH,True,False,2023-04-30,-0.16848656648678983
2023-04-30,EURAUD,EUR,AUD,-52.16127508454646,-27.492948295077326,BASE_DOVISH,True,False,2023-04-30,-1.0072157764883596
2023-04-30,AUDNOK,AUD,NOK,77.13357466937802,17.61762667784739,BASE_HAWKISH,True,False,2023-04-30,2.801720866342074
2023-04-30,AUDSEK,AUD,SEK,8.431234761723786,3.132848868715925,BASE_HAWKISH,True,False,2023-04-30,3.412104666564992
2023-04-30,AUDUSD,AUD,USD,108.75850433563836,5.640325069068304,BASE_HAWKISH,True,False,2023-04-30,-1.7440655886942225
2023-04-30,CADCHF,CAD,CHF,-69.34366791134357,-18.561013548974422,BASE_DOVISH,True,False,2023-04-30,1.523781672125481
2023-04-30,EURCAD,EUR,CAD,75.0464357235429,2.335886726038872,BASE_HAWKISH,True,False,2023-04-30,-2.6994840151006305
2023-04-30,GBPCAD,GBP,CAD,107.82700420965446,33.304304415415,BASE_HAWKISH,True,False,2023-04-30,-0.813554971474618
2023-04-30,CADNOK,CAD,NOK,-50.07413613871133,-12.211208343268808,BASE_DOVISH,True,False,2023-04-30,4.493989104954345
2023-04-30,NZDCAD,NZD,CAD,88.73439840466688,45.982777733987334,BASE_HAWKISH,True,False,2023-04-30,-2.301244713784885
2023-04-30,CADSEK,CAD,SEK,-118.77647604636557,-26.695986152400273,BASE_DOVISH,True,False,2023-04-30,5.104372905177263
2023-04-30,USDCAD,USD,CAD,18.449206472451,24.188509952047895,BASE_HAWKISH,True,False,2023-04-30,0.05179735008195152
2023-04-30,GBPCHF,GBP,CHF,38.48333629831088,14.743290866440574,BASE_HAWKISH,True,False,2023-04-30,0.7102267006508631
2023-04-30,CHFNOK,CHF,NOK,19.26953177263225,6.349805205705614,BASE_HAWKISH,True,False,2023-04-30,2.970207432828864
2023-04-30,NZDCHF,NZD,CHF,19.390730493323304,27.42176418501291,BASE_HAWKISH,True,False,2023-04-30,-0.7774630416594039
2023-04-30,CHFSEK,CHF,SEK,-49.43280813502199,-8.134972603425851,BASE_DOVISH,True,False,2023-04-30,3.580591233051782
2023-04-30,EURGBP,EUR,GBP,-32.78056848611156,-30.968417689376125,BASE_DOVISH,True,False,2023-04-30,-1.8859290436260125
2023-04-30,EURNZD,EUR,NZD,-13.687962681123985,-43.64689100794846,BASE_DOVISH,True,False,2023-04-30,-0.3982393013157454
2023-04-30,EURSEK,EUR,SEK,-43.730040322822674,-24.3600994263614,BASE_DOVISH,True,False,2023-04-30,2.4048888900766325
2023-04-30,GBPNOK,GBP,NOK,57.75286807094313,21.09309607214619,BASE_HAWKISH,True,False,2023-04-30,3.6804341334797273
2023-04-30,GBPUSD,GBP,USD,89.37779773720347,9.115794463367102,BASE_HAWKISH,True,False,2023-04-30,-0.8653523215565695
2023-04-30,NZDNOK,NZD,NOK,38.66026226595555,33.771569390718525,BASE_HAWKISH,True,False,2023-04-30,2.19274439116946
2023-04-30,NOKSEK,NOK,SEK,-68.70233990765425,-14.484777809131465,BASE_DOVISH,True,False,2023-04-30,0.6103838002229178
2023-04-30,NZDUSD,NZD,USD,70.28519193221588,21.79426778193944,BASE_HAWKISH,True,False,2023-04-30,-2.3530420638668366
2023-04-30,USDSEK,USD,SEK,-100.32726957391458,-2.5074762003523787,BASE_DOVISH,True,False,2023-04-30,5.156170255259214
2023-05-31,GBPAUD,GBP,AUD,-19.5479976612871,-0.1672910628522004,BASE_DOVISH,True,False,2023-05-31,0.06810809033189358
2023-05-31,AUDNZD,AUD,NZD,44.63465526531224,6.161342861889764,BASE_HAWKISH,True,False,2023-05-31,0.966563559012676
2023-05-31,AUDSEK,AUD,SEK,16.834044920572985,8.4028101588492,BASE_HAWKISH,True,False,2023-05-31,2.11859119083735
2023-05-31,CADCHF,CAD,CHF,-90.00637126222327,-20.66270335087969,BASE_DOVISH,True,False,2023-05-31,1.807864942042122
2023-05-31,CADNOK,CAD,NOK,-80.6341659595081,-30.560029820796757,BASE_DOVISH,True,False,2023-05-31,-1.3832355481377232
2023-05-31,EURCHF,EUR,CHF,-18.579510765861038,-24.282278578060357,BASE_DOVISH,True,False,2023-05-31,0.6560089126548159
2023-05-31,NZDCHF,NZD,CHF,-20.545332694510748,-39.93606318783405,BASE_DOVISH,True,False,2023-05-31,0.2913623556222739
2023-05-31,USDCHF,USD,CHF,-76.77640585715145,-25.881944418258872,BASE_DOVISH,True,False,2023-05-31,-1.0424866039032772
2023-05-31,EURNOK,EUR,NOK,-9.207305463145858,-34.179605047977425,BASE_DOVISH,True,False,2023-05-31,-2.535091577525029
2023-05-31,EURNZD,EUR,NZD,1.96582192864971,15.653784609773695,BASE_HAWKISH,True,False,2023-05-31,0.36464655703254195
2023-05-31,EURUSD,EUR,USD,58.196895091290415,1.599665840198515,BASE_HAWKISH,True,False,2023-05-31,1.698495516558093
2023-05-31,GBPNZD,GBP,NZD,25.08665760402514,5.994051799037564,BASE_HAWKISH,True,False,2023-05-31,1.0346716493445696
2023-05-31,NZDNOK,NZD,NOK,-11.173127391795568,-49.83338965775112,BASE_DOVISH,True,False,2023-05-31,-2.8997381345575715
2023-05-31,USDNOK,USD,NOK,-67.40420055443627,-35.779270888175944,BASE_DOVISH,True,False,2023-05-31,-4.233587094083123
2023-06-30,AUDCHF,AUD,CHF,60.085178691640415,35.99585612083892,BASE_HAWKISH,True,False,2023-06-30,-1.973151125712417
2023-06-30,EURAUD,EUR,AUD,-71.20111487500094,-28.532281538338403,BASE_DOVISH,True,False,2023-06-30,0.2314674847177456
2023-06-30,GBPAUD,GBP,AUD,-34.98480312037317,-15.436805459086074,BASE_DOVISH,True,False,2023-06-30,0.3048970568223788
2023-06-30,AUDUSD,AUD,USD,108.87524131329984,8.009512885346894,BASE_HAWKISH,True,False,2023-06-30,1.2030676004669634
2023-06-30,USDCAD,USD,CAD,-10.844619411554262,-24.07458481662608,BASE_DOVISH,True,False,2023-06-30,-0.39246361464892243
2023-06-30,GBPCHF,GBP,CHF,25.100375571267243,20.55905066175285,BASE_HAWKISH,True,False,2023-06-30,-1.6682540688900382
2023-06-30,CHFNOK,CHF,NOK,-31.231665924262916,-40.6038712269781,BASE_DOVISH,True,False,2023-06-30,-2.8342637861813005
2023-06-30,NZDCHF,NZD,CHF,23.066187391704183,43.61152008621493,BASE_HAWKISH,True,False,2023-06-30,-1.2645701092776718
2023-06-30,CHFSEK,CHF,SEK,-43.96697204985957,-36.711694399631064,BASE_DOVISH,True,False,2023-06-30,-0.10491723823398202
2023-06-30,EURGBP,EUR,GBP,-36.21631175462776,-13.095476079252329,BASE_DOVISH,True,False,2023-06-30,-0.07342957210463319
2023-06-30,EURNOK,EUR,NOK,-42.34760210762343,-33.14029664447757,BASE_DOVISH,True,False,2023-06-30,-4.575947427175972
2023-06-30,EURNZD,EUR,NZD,-34.1821235750647,-36.14794550371441,BASE_DOVISH,True,False,2023-06-30,-0.4771135317169996
2023-06-30,EURSEK,EUR,SEK,-55.08290823322009,-29.248119817130544,BASE_DOVISH,True,False,2023-06-30,-1.8466008792286535
2023-06-30,GBPNOK,GBP,NOK,-6.1312903529956735,-20.044820565225248,BASE_DOVISH,True,False,2023-06-30,-4.502517855071339
2023-06-30,GBPSEK,GBP,SEK,-18.866596478592328,-16.152643737878215,BASE_DOVISH,True,False,2023-06-30,-1.7731713071240203
2023-06-30,USDNOK,USD,NOK,-80.02172854592234,-12.617527991486067,BASE_DOVISH,True,False,2023-06-30,-6.0104825123606815
2023-06-30,NZDUSD,NZD,USD,71.8562500133636,15.625176850722902,BASE_HAWKISH,True,False,2023-06-30,1.9116486169017086
2023-06-30,USDSEK,USD,SEK,-92.757034671519,-8.725351164139035,BASE_DOVISH,True,False,2023-06-30,-3.2811359644133624
2023-07-31,AUDCAD,AUD,CAD,111.5001624459296,13.469540544184028,BASE_HAWKISH,True,False,2023-07-31,-1.04265794306823
2023-07-31,AUDCHF,AUD,CHF,72.50939540544289,12.424216713802467,BASE_HAWKISH,True,False,2023-07-31,-2.465684720821998
2023-07-31,AUDNZD,AUD,NZD,64.41063426046178,27.391642960525544,BASE_HAWKISH,True,False,2023-07-31,0.5966077965906078
2023-07-31,AUDSEK,AUD,SEK,22.14098725750071,6.022780615719867,BASE_HAWKISH,True,False,2023-07-31,0.06258805459281547
2023-07-31,AUDUSD,AUD,USD,114.32902557323456,5.4537842599347215,BASE_HAWKISH,True,False,2023-07-31,-3.5172886827912206
2023-07-31,CADCHF,CAD,CHF,-38.99076704048672,-1.0453238303815606,BASE_DOVISH,True,False,2023-07-31,-1.4230267777537682
2023-07-31,GBPCAD,GBP,CAD,77.70673000545791,14.660911224085513,BASE_HAWKISH,True,False,2023-07-31,1.1133159286636416
2023-07-31,CADNOK,CAD,NOK,-86.51983876802078,-17.34272963365269,BASE_DOVISH,True,False,2023-07-31,2.4523282718633004
2023-07-31,CADSEK,CAD,SEK,-89.35917518842889,-7.446759928464161,BASE_DOVISH,True,False,2023-07-31,1.1052459976610454
2023-07-31,GBPCHF,GBP,CHF,38.7159629649712,13.615587393703953,BASE_HAWKISH,True,False,2023-07-31,-0.3097108490901266
2023-07-31,CHFNOK,CHF,NOK,-47.529071727534046,-16.297405803271133,BASE_DOVISH,True,False,2023-07-31,3.8753550496170686
2023-07-31,CHFSEK,CHF,SEK,-50.36840814794217,-6.4014360980826,BASE_DOVISH,True,False,2023-07-31,2.5282727754148135
2023-07-31,GBPNOK,GBP,NOK,-8.813108762562852,-2.681818409567178,BASE_DOVISH,True,False,2023-07-31,3.565644200526942
2023-07-31,GBPNZD,GBP,NZD,30.617201819990093,28.58301364042703,BASE_HAWKISH,True,False,2023-07-31,2.7525816683224793
2023-07-31,GBPUSD,GBP,USD,80.53559313276287,6.645154939836207,BASE_HAWKISH,True,False,2023-07-31,-1.3613148110593492
2023-07-31,NZDNOK,NZD,NOK,-39.43031058255294,-31.264832049994208,BASE_DOVISH,True,False,2023-07-31,0.8130625322044627
2023-07-31,USDNOK,USD,NOK,-89.34870189532572,-9.326973349403385,BASE_DOVISH,True,False,2023-07-31,4.926959011586291
2023-07-31,NZDSEK,NZD,SEK,-42.269647002961065,-21.368862344805677,BASE_DOVISH,True,False,2023-07-31,-0.5340197419977923
2023-08-31,CADCHF,CAD,CHF,-45.5035842149625,-6.51281717447578,BASE_DOVISH,True,False,2023-08-31,4.296332823516304
2023-08-31,USDCAD,USD,CAD,-22.10207006615063,-19.273206938845675,BASE_DOVISH,True,False,2023-08-31,-0.8598589665079559
2023-08-31,NZDCHF,NZD,CHF,-15.74685459564341,-23.84561574062451,BASE_DOVISH,True,False,2023-08-31,4.7010521586184275
2023-08-31,USDCHF,USD,CHF,-67.60565428111313,-25.786024113321453,BASE_DOVISH,True,False,2023-08-31,3.4364738570083473
2023-08-31,GBPNOK,GBP,NOK,-12.415022875802396,-3.6019141132395447,BASE_DOVISH,True,False,2023-08-31,-3.7196189100764796
2023-08-31,GBPNZD,GBP,NZD,40.686475615422076,10.069273795431982,BASE_HAWKISH,True,False,2023-08-31,-4.677657979029667
2023-08-31,GBPSEK,GBP,SEK,6.326622095172438,17.979067278143415,BASE_HAWKISH,True,False,2023-08-31,-3.516374762194883
2023-08-31,GBPUSD,GBP,USD,92.5452753008918,12.009682168128926,BASE_HAWKISH,True,False,2023-08-31,-3.413079677419587
2023-08-31,NZDNOK,NZD,NOK,-53.101498491224476,-13.671187908671527,BASE_DOVISH,True,False,2023-08-31,0.9580390689531872
2023-08-31,NOKSEK,NOK,SEK,18.741644970974836,21.58098139138296,BASE_HAWKISH,True,False,2023-08-31,0.2032441478815965
2023-08-31,USDNOK,USD,NOK,-104.9602981766942,-15.61159628136847,BASE_DOVISH,True,False,2023-08-31,-0.30653923265689276
2023-08-31,NZDUSD,NZD,USD,51.85879968546972,1.9404083726969432,BASE_HAWKISH,True,False,2023-08-31,1.26457830161008
2023-09-30,AUDCHF,AUD,CHF,39.70434090237702,2.197044155733213,BASE_HAWKISH,True,False,2023-09-30,-3.0619330145605375
2023-09-30,GBPAUD,GBP,AUD,-40.03628236910847,-27.468606642243326,BASE_DOVISH,True,False,2023-09-30,1.3738994002708196
2023-09-30,AUDNOK,AUD,NOK,25.48323861424934,25.3305857631866,BASE_HAWKISH,True,False,2023-09-30,2.944339670440989
2023-09-30,AUDSEK,AUD,SEK,-1.5817840686763596,-20.47608189071394,BASE_DOVISH,True,False,2023-09-30,0.10717540015312599
2023-09-30,NZDCAD,NZD,CAD,34.96545386509553,5.208724245776441,BASE_HAWKISH,True,False,2023-09-30,-0.27400493751076116
2023-09-30,CADSEK,CAD,SEK,-73.5858847930067,-9.469301653437974,BASE_DOVISH,True,False,2023-09-30,-0.8263727559662404
2023-09-30,GBPCHF,GBP,CHF,-0.3319414667314504,-25.271562486510113,BASE_DOVISH,True,False,2023-09-30,-1.6880336142897177
2023-09-30,NZDCHF,NZD,CHF,2.66569404314221,18.41254863878562,BASE_HAWKISH,True,False,2023-09-30,-4.269486108190665
2023-09-30,CHFSEK,CHF,SEK,-41.28612497105338,-22.673126046447152,BASE_DOVISH,True,False,2023-09-30,3.169108414713663
2023-09-30,GBPNOK,GBP,NOK,-14.553043754859129,-2.138020879056725,BASE_DOVISH,True,False,2023-09-30,4.318239070711809
2023-09-30,GBPNZD,GBP,NZD,-2.9976355098736605,-43.68411112529573,BASE_DOVISH,True,False,2023-09-30,2.5814524939009473
2023-09-30,GBPSEK,GBP,SEK,-41.61806643778483,-47.944688532957265,BASE_DOVISH,True,False,2023-09-30,1.4810748004239456
2023-09-30,NOKSEK,NOK,SEK,-27.0650226829257,-45.80666765390054,BASE_DOVISH,True,False,2023-09-30,-2.8371642702878637
2023-09-30,NZDSEK,NZD,SEK,-38.62043092791117,-4.260577407661533,BASE_DOVISH,True,False,2023-09-30,-1.1003776934770015
2023-09-30,USDSEK,USD,SEK,-86.78318442264057,-0.5645312169212175,BASE_DOVISH,True,False,2023-09-30,2.290114577395395
2023-10-31,AUDNOK,AUD,NOK,35.107646589256305,9.624407975006962,BASE_HAWKISH,True,False,2023-10-31,-0.11735171530851152
2023-10-31,AUDSEK,AUD,SEK,34.50833681765392,36.09012088633028,BASE_HAWKISH,True,False,2023-10-31,-2.227713706385836
2023-10-31,AUDUSD,AUD,USD,88.58577897064009,3.384378616675873,BASE_HAWKISH,True,False,2023-10-31,4.079666474075806
2023-10-31,USDCAD,USD,CAD,-20.000181168272846,-6.802881538638971,BASE_DOVISH,True,False,2023-10-31,-1.827566671994604
2023-10-31,GBPCHF,GBP,CHF,-2.51414860758074,-2.1822071408492896,BASE_DOVISH,True,False,2023-10-31,0.6793864897538517
2023-10-31,USDCHF,USD,CHF,-51.168941297341775,-5.6718818457545765,BASE_DOVISH,True,False,2023-10-31,-3.365302911367956
2023-10-31,GBPNZD,GBP,NZD,-4.092778285789105,-1.0951427759154448,BASE_DOVISH,True,False,2023-10-31,-1.4189108747285686
2023-10-31,GBPUSD,GBP,USD,48.65479268976104,3.489674704905287,BASE_HAWKISH,True,False,2023-10-31,4.044689401121808
2023-10-31,NZDUSD,NZD,USD,52.74757097555014,4.584817480820732,BASE_HAWKISH,True,False,2023-10-31,5.463600275850377
2023-11-30,GBPAUD,GBP,AUD,-44.83471658235605,-4.903730301476994,BASE_DOVISH,True,False,2023-11-30,-2.3208343503252786
2023-11-30,AUDNOK,AUD,NOK,69.31845353350093,34.210806944244624,BASE_HAWKISH,True,False,2023-11-30,-2.476344436353579
2023-11-30,AUDNZD,AUD,NZD,36.37346667519727,0.5352586801073222,BASE_HAWKISH,True,False,2023-11-30,0.23780947266621189
2023-11-30,AUDSEK,AUD,SEK,38.92275309643864,4.414416278784724,BASE_HAWKISH,True,False,2023-11-30,-1.2716771272605247
2023-11-30,CADCHF,CAD,CHF,-33.506390998238246,-2.3376308691693204,BASE_DOVISH,True,False,2023-11-30,-1.6641212298210752
2023-11-30,CADNOK,CAD,NOK,5.844423985525395,39.32237519863634,BASE_HAWKISH,True,False,2023-11-30,-2.63218074393267
2023-11-30,GBPCHF,GBP,CHF,-14.867078032618767,-12.352929425038027,BASE_DOVISH,True,False,2023-11-30,-3.8291192725672634
2023-11-30,CHFNOK,CHF,NOK,39.35081498376364,41.660006067805654,BASE_HAWKISH,True,False,2023-11-30,-0.9680595141115946
2023-11-30,NZDCHF,NZD,CHF,-6.4058281254599905,-7.984457803668356,BASE_DOVISH,True,False,2023-11-30,-1.7460943949081966
2023-11-30,CHFSEK,CHF,SEK,8.95511454670136,11.863615402345758,BASE_HAWKISH,True,False,2023-11-30,0.23660779498146
2023-11-30,GBPNOK,GBP,NOK,24.483736951144877,29.30707664276763,BASE_HAWKISH,True,False,2023-11-30,-4.797178786678858
2023-11-30,GBPNZD,GBP,NZD,-8.461249907158777,-4.368471621369672,BASE_DOVISH,True,False,2023-11-30,-2.083024877659067
2023-11-30,GBPSEK,GBP,SEK,-5.911963485917408,-0.48931402269226965,BASE_DOVISH,True,False,2023-11-30,-3.592511477585804
2023-11-30,NZDNOK,NZD,NOK,32.94498685830365,33.675548264137305,BASE_HAWKISH,True,False,2023-11-30,-2.7141539090197915
2023-11-30,NOKSEK,NOK,SEK,-30.395700437062285,-29.7963906654599,BASE_DOVISH,True,False,2023-11-30,1.2046673090930546
2023-11-30,NZDSEK,NZD,SEK,2.5492864212413693,3.879157598677402,BASE_HAWKISH,True,False,2023-11-30,-1.5094865999267366
2023-12-31,AUDCAD,AUD,CAD,73.71346938040469,10.239439832429152,BASE_HAWKISH,True,False,2023-12-31,-1.8279955489732234
2023-12-31,AUDCHF,AUD,CHF,36.29470205511897,6.327063505381684,BASE_HAWKISH,True,False,2023-12-31,-0.3068146942824099
2023-12-31,AUDSEK,AUD,SEK,49.60943103986276,10.686677943424122,BASE_HAWKISH,True,False,2023-12-31,0.28734012615016313
2023-12-31,AUDUSD,AUD,USD,81.82523708535756,3.032187636673516,BASE_HAWKISH,True,False,2023-12-31,-3.1990737984250974
2023-12-31,CADCHF,CAD,CHF,-37.418767325285714,-3.9123763270474683,BASE_DOVISH,True,False,2023-12-31,1.5211808546908134
2023-12-31,CADNOK,CAD,NOK,-14.549779292788592,-20.394203278313988,BASE_DOVISH,True,False,2023-12-31,1.55359588396602
2023-12-31,NZDCAD,NZD,CAD,38.73939870507867,11.638835832300416,BASE_HAWKISH,True,False,2023-12-31,-1.7171099852681064
2023-12-31,NZDCHF,NZD,CHF,1.3206313797929567,7.726459505252947,BASE_HAWKISH,True,False,2023-12-31,-0.195929130577293
2023-12-31,CHFSEK,CHF,SEK,13.314728984743798,4.359614438042438,BASE_HAWKISH,True,False,2023-12-31,0.5941548204325731
2023-12-31,USDNOK,USD,NOK,-22.661546997741468,-13.186951082558352,BASE_DOVISH,True,False,2023-12-31,2.924674133417894
2023-12-31,NZDSEK,NZD,SEK,14.635360364536755,12.086073943295386,BASE_HAWKISH,True,False,2023-12-31,0.39822568985528006
2023-12-31,NZDUSD,NZD,USD,46.85116641003155,4.431583636544779,BASE_HAWKISH,True,False,2023-12-31,-3.0881882347199805
2024-01-31,AUDSEK,AUD,SEK,58.364959509999125,8.755528470136362,BASE_HAWKISH,True,False,2024-01-31,-1.7763503690248486
2024-01-31,CADCHF,CAD,CHF,-44.19515213943994,-6.776384814154227,BASE_DOVISH,True,False,2024-01-31,0.8703434591638937
2024-01-31,CADNOK,CAD,NOK,-27.637562209606436,-13.087782916817844,BASE_DOVISH,True,False,2024-01-31,0.13467898294573266
2024-01-31,NZDCHF,NZD,CHF,-5.972376833801924,-7.293008213594881,BASE_DOVISH,True,False,2024-01-31,1.3957387250712232
2024-01-31,CHFSEK,CHF,SEK,29.693763240562863,16.379034255819064,BASE_HAWKISH,True,False,2024-01-31,-2.443437136923038
2024-01-31,USDCHF,USD,CHF,-50.469548857478856,-4.939013827240267,BASE_DOVISH,True,False,2024-01-31,2.071749667209458
2024-01-31,NOKSEK,NOK,SEK,13.136173310729355,22.69043235848268,BASE_HAWKISH,True,False,2024-01-31,-1.707772660704877
2024-01-31,USDNOK,USD,NOK,-33.91195892764535,-11.250411929903883,BASE_DOVISH,True,False,2024-01-31,1.3360851909912972
2024-01-31,NZDSEK,NZD,SEK,23.72138640676094,9.086026042224184,BASE_HAWKISH,True,False,2024-01-31,-1.047698411851815
2024-03-31,AUDCHF,AUD,CHF,22.056128969644586,8.791226466010418,BASE_HAWKISH,True,False,2024-03-31,1.3289510673406162
2024-03-31,AUDNOK,AUD,NOK,35.27037665431977,12.11103379758604,BASE_HAWKISH,True,False,2024-03-31,2.100804444259895
2024-03-31,AUDSEK,AUD,SEK,36.00390672051392,0.014659438371779743,BASE_HAWKISH,True,False,2024-03-31,3.0731440137196993
2024-03-31,CHFNOK,CHF,NOK,13.214247684675184,3.319807331575623,BASE_HAWKISH,True,False,2024-03-31,0.7718533769192789
2024-03-31,NZDCHF,NZD,CHF,4.7179382397012635,8.996783071791608,BASE_HAWKISH,True,False,2024-03-31,0.5303546064308243
2024-03-31,NZDNOK,NZD,NOK,17.932185924376448,12.31659040336723,BASE_HAWKISH,True,False,2024-03-31,1.3022079833501032
2024-03-31,NZDSEK,NZD,SEK,18.665715990570597,0.22021604415296991,BASE_HAWKISH,True,False,2024-03-31,2.2745475528099073
2024-04-30,NOKSEK,NOK,SEK,0.838745214114482,0.10521514792033315,BASE_HAWKISH,True,False,2024-04-30,0.8594135213544454
2024-05-31,GBPCAD,GBP,CAD,-2.452838896982982,-0.49342835321849066,BASE_DOVISH,True,False,2024-05-31,-0.05399799870275601
2024-05-31,CADNOK,CAD,NOK,4.187897157679075,13.81263890719335,BASE_HAWKISH,True,False,2024-05-31,1.0278098742994892
2024-05-31,CADSEK,CAD,SEK,12.43554850624227,21.221545041642063,BASE_HAWKISH,True,False,2024-05-31,0.3693454540399146
2024-05-31,USDCAD,USD,CAD,2.9611316298918027,6.452603483355325,BASE_HAWKISH,True,False,2024-05-31,0.45456503860200714
2024-05-31,CHFNOK,CHF,NOK,21.177998916114586,8.91659016926502,BASE_HAWKISH,True,False,2024-05-31,2.0104203801807525
2024-05-31,CHFSEK,CHF,SEK,29.42565026467778,16.325496303713734,BASE_HAWKISH,True,False,2024-05-31,1.351955959921178
2024-05-31,GBPNOK,GBP,NOK,1.7350582606960927,13.319210553974859,BASE_HAWKISH,True,False,2024-05-31,0.9738118755967332
2024-05-31,GBPSEK,GBP,SEK,9.982709609259288,20.728116688423572,BASE_HAWKISH,True,False,2024-05-31,0.3153474553371586
2024-05-31,GBPUSD,GBP,USD,-5.413970526874785,-6.946031836573816,BASE_DOVISH,True,False,2024-05-31,-0.5085630373047632
2024-05-31,NOKSEK,NOK,SEK,8.247651348563195,7.4089061344487135,BASE_HAWKISH,True,False,2024-05-31,-0.6584644202595746
2024-05-31,USDNOK,USD,NOK,7.149028787570877,20.265242390548675,BASE_HAWKISH,True,False,2024-05-31,1.4823749129014963
2024-05-31,USDSEK,USD,SEK,15.396680136134073,27.67414852499739,BASE_HAWKISH,True,False,2024-05-31,0.8239104926419217
2024-06-30,AUDCAD,AUD,CAD,32.756239883994716,11.54414509181792,BASE_HAWKISH,True,False,2024-06-30,-1.3283737852797333
2024-06-30,GBPAUD,GBP,AUD,-33.97137291487611,-10.306439225716336,BASE_DOVISH,True,False,2024-06-30,3.704776835317833
2024-06-30,AUDNOK,AUD,NOK,34.6627462739748,9.262754324118927,BASE_HAWKISH,True,False,2024-06-30,0.22803562600336313
2024-06-30,AUDSEK,AUD,SEK,35.50258045020369,1.8549371517846218,BASE_HAWKISH,True,False,2024-06-30,-1.1967130808058486
2024-06-30,AUDUSD,AUD,USD,18.999514651851676,0.7485514895666832,BASE_HAWKISH,True,False,2024-06-30,-2.2570386997756886
2024-06-30,CADCHF,CAD,CHF,-32.40387278677962,-15.413771028344112,BASE_DOVISH,True,False,2024-06-30,-3.1250143551956038
2024-06-30,NZDCAD,NZD,CAD,21.785705143792725,11.925002721393309,BASE_HAWKISH,True,False,2024-06-30,-1.763296875523793
2024-06-30,USDCAD,USD,CAD,13.75672523214304,10.795593602251238,BASE_HAWKISH,True,False,2024-06-30,0.9286649144959553
2024-06-30,GBPCHF,GBP,CHF,-33.61900581766102,-14.176065162242526,BASE_DOVISH,True,False,2024-06-30,-0.7486113051575043
2024-06-30,CHFNOK,CHF,NOK,34.3103791767597,13.132380260645117,BASE_HAWKISH,True,False,2024-06-30,4.681423766478701
2024-06-30,NZDCHF,NZD,CHF,-10.618167642986897,-3.488768306950803,BASE_DOVISH,True,False,2024-06-30,-4.888311230719397
2024-06-30,CHFSEK,CHF,SEK,35.150213352988594,5.724563088310813,BASE_HAWKISH,True,False,2024-06-30,3.2566750596694884
2024-06-30,USDCHF,USD,CHF,-18.647147554636582,-4.618177426092874,BASE_DOVISH,True,False,2024-06-30,-2.196349440699649
2024-06-30,GBPNZD,GBP,NZD,-23.000838174674122,-10.687296855291724,BASE_DOVISH,True,False,2024-06-30,4.139699925561892
2024-06-30,GBPUSD,GBP,USD,-14.971858263024437,-9.557887736149652,BASE_DOVISH,True,False,2024-06-30,1.4477381355421444
2024-06-30,NZDNOK,NZD,NOK,23.692211533772806,9.643611953694315,BASE_HAWKISH,True,False,2024-06-30,-0.2068874642406966
2024-06-30,USDNOK,USD,NOK,15.66323162212312,8.514202834552243,BASE_HAWKISH,True,False,2024-06-30,2.4850743257790517
2024-06-30,NZDSEK,NZD,SEK,24.532045710001697,2.23579478136001,BASE_HAWKISH,True,False,2024-06-30,-1.6316361710499083
2024-06-30,NZDUSD,NZD,USD,8.028979911649685,1.1294091191420712,BASE_HAWKISH,True,False,2024-06-30,-2.6919617900197483
2024-06-30,USDSEK,USD,SEK,16.50306579835201,1.1063856622179387,BASE_HAWKISH,True,False,2024-06-30,1.06032561896984
2024-07-31,AUDCAD,AUD,CAD,37.055385672760096,4.299145788765383,BASE_HAWKISH,True,False,2024-07-31,1.7875874704976469
2024-07-31,AUDCHF,AUD,CHF,2.2310931299616676,1.8787260327465738,BASE_HAWKISH,True,False,2024-07-31,0.7933360292821735
2024-07-31,GBPAUD,GBP,AUD,-35.41804392350362,-1.4466710086275008,BASE_DOVISH,True,False,2024-07-31,-1.7196397984593688
2024-07-31,AUDNOK,AUD,NOK,40.794415572646386,6.131669298671593,BASE_HAWKISH,True,False,2024-07-31,0.7036662960997139
2024-07-31,AUDSEK,AUD,SEK,47.20291309540852,11.700332645204828,BASE_HAWKISH,True,False,2024-07-31,-0.3860256146922465
2024-07-31,AUDUSD,AUD,USD,24.02233817778536,5.022823525933685,BASE_HAWKISH,True,False,2024-07-31,4.392033288444718
2024-07-31,CADCHF,CAD,CHF,-34.82429254279843,-2.420419756018809,BASE_DOVISH,True,False,2024-07-31,-0.9942514412154733
2024-07-31,GBPCAD,GBP,CAD,1.6373417492564855,2.8524747801378822,BASE_HAWKISH,True,False,2024-07-31,0.067947672038278
2024-07-31,CADNOK,CAD,NOK,3.7390298998862903,1.8325235099062098,BASE_HAWKISH,True,False,2024-07-31,-1.083921174397933
2024-07-31,NZDCAD,NZD,CAD,26.485935332054325,4.7002301882615996,BASE_HAWKISH,True,False,2024-07-31,2.9820222154465865
2024-07-31,CADSEK,CAD,SEK,10.147527422648416,7.401186856439445,BASE_HAWKISH,True,False,2024-07-31,-2.1736130851898934
2024-07-31,CHFNOK,CHF,NOK,38.56332244268472,4.252943265925019,BASE_HAWKISH,True,False,2024-07-31,-0.08966973318245963
2024-07-31,CHFSEK,CHF,SEK,44.97181996544685,9.821606612458254,BASE_HAWKISH,True,False,2024-07-31,-1.1793616439744201
2024-07-31,USDCHF,USD,CHF,-21.791245047823693,-3.144097493187111,BASE_DOVISH,True,False,2024-07-31,-3.5986972591625452
2024-07-31,GBPNOK,GBP,NOK,5.376371649142776,4.684998290044092,BASE_HAWKISH,True,False,2024-07-31,-1.015973502359655
2024-07-31,GBPNZD,GBP,NZD,-24.84859358279784,-1.8477554081237173,BASE_DOVISH,True,False,2024-07-31,-2.9140745434083084
2024-07-31,GBPSEK,GBP,SEK,11.784869171904901,10.253661636577327,BASE_HAWKISH,True,False,2024-07-31,-2.1056654131516153
2024-07-31,NZDNOK,NZD,NOK,30.224965231940615,6.532753698167809,BASE_HAWKISH,True,False,2024-07-31,1.8981010410486534
2024-07-31,NOKSEK,NOK,SEK,6.408497522762126,5.568663346533235,BASE_HAWKISH,True,False,2024-07-31,-1.0896919107919603
2024-07-31,USDNOK,USD,NOK,16.77207739486103,1.108845772737908,BASE_HAWKISH,True,False,2024-07-31,-3.688366992345005
2024-07-31,NZDSEK,NZD,SEK,36.63346275470274,12.101417044701044,BASE_HAWKISH,True,False,2024-07-31,0.8084091302566931
2024-07-31,NZDUSD,NZD,USD,13.452887837079587,5.423907925429901,BASE_HAWKISH,True,False,2024-07-31,5.5864680333936585
2024-07-31,USDSEK,USD,SEK,23.180574917623154,6.677509119271143,BASE_HAWKISH,True,False,2024-07-31,-4.778058903136966
2024-08-31,AUDCAD,AUD,CAD,43.45381516099167,6.398429488231569,BASE_HAWKISH,True,False,2024-08-31,2.1084862148441497
2024-08-31,AUDCHF,AUD,CHF,6.933614237157004,4.702521107195336,BASE_HAWKISH,True,False,2024-08-31,1.0755856697331745
2024-08-31,GBPAUD,GBP,AUD,-46.330299791294365,-10.912255867790753,BASE_DOVISH,True,False,2024-08-31,-0.1433302843114631
2024-08-31,AUDNOK,AUD,NOK,40.99166371927868,0.19724814663228862,BASE_HAWKISH,True,False,2024-08-31,1.7067013851229538
2024-08-31,AUDNZD,AUD,NZD,32.736539776635915,22.167089435930144,BASE_HAWKISH,True,False,2024-08-31,0.30507793661622895
2024-08-31,AUDUSD,AUD,USD,27.557916469763917,3.535578291978558,BASE_HAWKISH,True,False,2024-08-31,1.80995051754926
2024-08-31,CADCHF,CAD,CHF,-36.520200923834665,-1.695908381036233,BASE_DOVISH,True,False,2024-08-31,-1.0329005451109752
2024-08-31,GBPCAD,GBP,CAD,-2.8764846303026985,-4.513826379559184,BASE_DOVISH,True,False,2024-08-31,1.9651559305326867
2024-08-31,CADNOK,CAD,NOK,-2.46215144171299,-6.2011813415992805,BASE_DOVISH,True,False,2024-08-31,-0.4017848297211959
2024-08-31,USDCAD,USD,CAD,15.89589869122775,2.862851196253011,BASE_HAWKISH,True,False,2024-08-31,0.2985356972948895
2024-08-31,GBPCHF,GBP,CHF,-39.39668555413736,-6.209734760595417,BASE_DOVISH,True,False,2024-08-31,0.9322553854217113
2024-08-31,NZDCHF,NZD,CHF,-25.802925539478913,-17.464568328734806,BASE_DOVISH,True,False,2024-08-31,0.7705077331169454
2024-08-31,GBPNOK,GBP,NOK,-5.338636072015689,-10.715007721158464,BASE_DOVISH,True,False,2024-08-31,1.5633711008114908
2024-08-31,GBPSEK,GBP,SEK,-0.23936092118947982,-12.024230093094381,BASE_DOVISH,True,False,2024-08-31,0.37462130409331684
2024-08-31,GBPUSD,GBP,USD,-18.772383321530448,-7.376677575812195,BASE_DOVISH,True,False,2024-08-31,1.666620233237797
2024-08-31,NZDUSD,NZD,USD,-5.178623306871998,-18.631511143951585,BASE_DOVISH,True,False,2024-08-31,1.5048725809330312
2024-09-30,AUDCHF,AUD,CHF,8.668650603383508,1.7350363662265043,BASE_HAWKISH,True,False,2024-09-30,-2.6884060826385814
2024-09-30,AUDNOK,AUD,NOK,42.62848873602886,1.636825016750178,BASE_HAWKISH,True,False,2024-09-30,-0.9337539755511766
2024-09-30,AUDNZD,AUD,NZD,33.056422187724955,0.31988241108903814,BASE_HAWKISH,True,False,2024-09-30,0.9692822502793641
2024-09-30,AUDSEK,AUD,SEK,53.12985337288323,7.038914502778345,BASE_HAWKISH,True,False,2024-09-30,0.48345367160525354
2024-09-30,AUDUSD,AUD,USD,48.98951563251586,21.431599162751944,BASE_HAWKISH,True,False,2024-09-30,-5.246601293816797
2024-09-30,GBPCAD,GBP,CAD,0.05618241339240626,2.932667043695105,BASE_HAWKISH,True,False,2024-09-30,-0.24444430265909078
2024-09-30,CADNOK,CAD,NOK,0.2666903272218377,2.728841768934828,BASE_HAWKISH,True,False,2024-09-30,1.4615871025742042
2024-09-30,CADSEK,CAD,SEK,10.768054964076214,8.130931254962995,BASE_HAWKISH,True,False,2024-09-30,2.878794749730634
2024-09-30,USDCAD,USD,CAD,-6.627717223708842,-22.52361591493659,BASE_DOVISH,True,False,2024-09-30,2.8512602156914157
2024-09-30,CHFSEK,CHF,SEK,44.46120276949972,5.303878136551841,BASE_HAWKISH,True,False,2024-09-30,3.171859754243835
2024-09-30,USDCHF,USD,CHF,-40.32086502913235,-19.696562796525438,BASE_DOVISH,True,False,2024-09-30,2.558195211178215
2024-09-30,GBPNOK,GBP,NOK,0.322872740614244,5.661508812629933,BASE_HAWKISH,True,False,2024-09-30,1.2171427999151134
2024-09-30,GBPSEK,GBP,SEK,10.82423737746862,11.0635982986581,BASE_HAWKISH,True,False,2024-09-30,2.6343504470715438
2024-09-30,GBPUSD,GBP,USD,6.6838996371012485,25.456282958631697,BASE_HAWKISH,True,False,2024-09-30,-3.095704518350506
2024-09-30,NZDNOK,NZD,NOK,9.572066548303901,1.31694260566114,BASE_HAWKISH,True,False,2024-09-30,-1.9030362258305407
2024-09-30,NOKSEK,NOK,SEK,10.501364636854376,5.402089486028167,BASE_HAWKISH,True,False,2024-09-30,1.41720764715643
2024-09-30,USDNOK,USD,NOK,-6.3610268964870045,-19.794774146001764,BASE_DOVISH,True,False,2024-09-30,4.31284731826562
2024-09-30,NZDSEK,NZD,SEK,20.073431185158277,6.719032091689307,BASE_HAWKISH,True,False,2024-09-30,-0.48582857867411056
2024-09-30,NZDUSD,NZD,USD,15.933093444790906,21.111716751662904,BASE_HAWKISH,True,False,2024-09-30,-6.21588354409616
2024-10-31,AUDCAD,AUD,CAD,58.67006162886352,16.3082632200565,BASE_HAWKISH,True,False,2024-10-31,-0.3442402762838819
2024-10-31,AUDCHF,AUD,CHF,13.972359768944884,5.303709165561376,BASE_HAWKISH,True,False,2024-10-31,0.8140794808520142
2024-10-31,AUDNZD,AUD,NZD,50.53705605223362,17.480633864508665,BASE_HAWKISH,True,False,2024-10-31,-0.008410608428729205
2024-10-31,AUDSEK,AUD,SEK,62.51048405996514,9.3806306870819,BASE_HAWKISH,True,False,2024-10-31,0.939886884072207
2024-10-31,AUDUSD,AUD,USD,50.05023645895952,1.060720826443653,BASE_HAWKISH,True,False,2024-10-31,-1.070280223970877
2024-10-31,CADCHF,CAD,CHF,-44.69770185991864,-11.004554054495124,BASE_DOVISH,True,False,2024-10-31,1.158319757135896
2024-10-31,GBPCAD,GBP,CAD,16.872075530279176,16.81589311688677,BASE_HAWKISH,True,False,2024-10-31,-1.6022445518284532
2024-10-31,CADNOK,CAD,NOK,-22.844657609916347,-23.111347937138184,BASE_DOVISH,True,False,2024-10-31,0.07393070732590923
2024-10-31,USDCAD,USD,CAD,8.619825169904004,15.247542393612846,BASE_HAWKISH,True,False,2024-10-31,0.7260399476869952
2024-10-31,NZDCHF,NZD,CHF,-36.56469628328874,-12.176924698947289,BASE_DOVISH,True,False,2024-10-31,0.8224900892807434
2024-10-31,CHFSEK,CHF,SEK,48.53812429102025,4.076921521520525,BASE_HAWKISH,True,False,2024-10-31,0.1258074032201928
2024-10-31,GBPNOK,GBP,NOK,-5.972582079637171,-6.295454820251415,BASE_DOVISH,True,False,2024-10-31,-1.528313844502544
2024-10-31,GBPNZD,GBP,NZD,8.739069953649278,17.988263761338935,BASE_HAWKISH,True,False,2024-10-31,-1.2664148839733005
2024-10-31,GBPSEK,GBP,SEK,20.71249796138079,9.88826058391217,BASE_HAWKISH,True,False,2024-10-31,-0.3181173914723643
2024-10-31,GBPUSD,GBP,USD,8.252250360375172,1.568350723273923,BASE_HAWKISH,True,False,2024-10-31,-2.3282844995154486
2024-10-31,NZDNOK,NZD,NOK,-14.711652033286448,-24.28371858159035,BASE_DOVISH,True,False,2024-10-31,-0.26189896052924344
2024-10-31,NOKSEK,NOK,SEK,26.68508004101796,16.183715404163586,BASE_HAWKISH,True,False,2024-10-31,1.2101964530301796
2024-10-31,USDNOK,USD,NOK,-14.224832440012342,-7.863805543525338,BASE_DOVISH,True,False,2024-10-31,0.7999706550129044
2024-10-31,NZDUSD,NZD,USD,-0.48681959327410596,-16.419913038065012,BASE_DOVISH,True,False,2024-10-31,-1.0618696155421479
2024-10-31,USDSEK,USD,SEK,12.46024760100562,8.319909860638248,BASE_HAWKISH,True,False,2024-10-31,2.010167108043084
2024-11-30,AUDNZD,AUD,NZD,57.00460827969544,6.46755222746182,BASE_HAWKISH,True,False,2024-11-30,0.42821131587077677
2024-11-30,CADCHF,CAD,CHF,-46.32737937683428,-1.6296775169156454,BASE_DOVISH,True,False,2024-11-30,0.07831590777336261
2024-11-30,GBPCAD,GBP,CAD,19.155746289444686,2.28367075916551,BASE_HAWKISH,True,False,2024-11-30,1.3675912185023005
2024-11-30,NZDCAD,NZD,CAD,-7.158719707815621,-15.29172528444552,BASE_DOVISH,True,False,2024-11-30,-2.598713569313055
2024-11-30,CADSEK,CAD,SEK,5.7814270852587555,1.9410046541571404,BASE_HAWKISH,True,False,2024-11-30,-1.5356219293199334
2024-11-30,CHFNOK,CHF,NOK,23.76844346312317,1.9153992131208817,BASE_HAWKISH,True,False,2024-11-30,-0.12488685741384087
2024-11-30,NZDCHF,NZD,CHF,-53.4860990846499,-16.921402801361165,BASE_DOVISH,True,False,2024-11-30,-2.5203976615396924
2024-11-30,CHFSEK,CHF,SEK,52.108806462093035,3.570682171072786,BASE_HAWKISH,True,False,2024-11-30,-1.613937837093296
2024-11-30,USDCHF,USD,CHF,-38.82340895038835,-2.745532260373718,BASE_DOVISH,True,False,2024-11-30,2.7518896927110332
2024-11-30,GBPNZD,GBP,NZD,26.314465997260307,17.57539604361103,BASE_HAWKISH,True,False,2024-11-30,3.9663047878153552
2024-11-30,GBPSEK,GBP,SEK,24.93717337470344,4.22467541332265,BASE_HAWKISH,True,False,2024-11-30,-0.16803071081763288
2024-11-30,GBPUSD,GBP,USD,11.651775862998754,3.3995255026235824,BASE_HAWKISH,True,False,2024-11-30,-1.3059825664353701
2024-11-30,NZDNOK,NZD,NOK,-29.71765562152673,-15.006003588240283,BASE_DOVISH,True,False,2024-11-30,-2.6452845189535332
2024-11-30,NOKSEK,NOK,SEK,28.340362998969866,1.6552829579519042,BASE_HAWKISH,True,False,2024-11-30,-1.489050979679455
2024-11-30,USDNOK,USD,NOK,-15.054965487265179,-0.8301330472528363,BASE_DOVISH,True,False,2024-11-30,2.6270028352971924
2024-11-30,NZDSEK,NZD,SEK,-1.3772926225568654,-13.350720630288379,BASE_DOVISH,True,False,2024-11-30,-4.134335498632988
2024-11-30,NZDUSD,NZD,USD,-14.662690134261553,-14.175870540987447,BASE_DOVISH,True,False,2024-11-30,-5.272287354250725
2024-11-30,USDSEK,USD,SEK,13.285397511704687,0.8251499106990678,BASE_HAWKISH,True,False,2024-11-30,1.1379518556177373
2024-12-31,AUDCAD,AUD,CAD,49.92533407020332,0.07944549832350134,BASE_HAWKISH,True,False,2024-12-31,0.9985661394733616
2024-12-31,AUDCHF,AUD,CHF,6.4397669181938255,2.921257723148287,BASE_HAWKISH,True,False,2024-12-31,0.8105801512851323
2024-12-31,AUDNOK,AUD,NOK,30.583942921827912,3.296990263659204,BASE_HAWKISH,True,False,2024-12-31,-0.07215512965716153
2024-12-31,AUDNZD,AUD,NZD,58.93803020443819,1.9334219247427527,BASE_HAWKISH,True,False,2024-12-31,-0.3455196460079322
2024-12-31,AUDSEK,AUD,SEK,56.730543076092914,1.10322741895434,BASE_HAWKISH,True,False,2024-12-31,0.5490515312846834
2024-12-31,GBPCAD,GBP,CAD,26.58766154265256,7.431915253207876,BASE_HAWKISH,True,False,2024-12-31,-0.24837368316333897
2024-12-31,NZDCAD,NZD,CAD,-9.012696134234872,-1.8539764264192513,BASE_DOVISH,True,False,2024-12-31,1.3440857854812938
2024-12-31,CADSEK,CAD,SEK,6.805209005889594,1.0237819206308387,BASE_HAWKISH,True,False,2024-12-31,-0.44951460818867817
2024-12-31,USDCAD,USD,CAD,24.65215887694967,17.14818845050374,BASE_HAWKISH,True,False,2024-12-31,0.5418356299365114
2024-12-31,CHFNOK,CHF,NOK,24.144176003634087,0.3757325405109171,BASE_HAWKISH,True,False,2024-12-31,-0.8827352809422938
2024-12-31,GBPNOK,GBP,NOK,7.246270394277154,10.649460018543579,BASE_HAWKISH,True,False,2024-12-31,-1.319094952293862
2024-12-31,GBPNZD,GBP,NZD,35.600357676887434,9.285891679627127,BASE_HAWKISH,True,False,2024-12-31,-1.5924594686446327
2024-12-31,GBPSEK,GBP,SEK,33.392870548542156,8.455697173838715,BASE_HAWKISH,True,False,2024-12-31,-0.6978882913520171
2024-12-31,USDNOK,USD,NOK,5.3107677285742625,20.36573321583944,BASE_HAWKISH,True,False,2024-12-31,-0.5288856391940117
2024-12-31,NZDSEK,NZD,SEK,-2.207487128345278,-0.8301945057884126,BASE_DOVISH,True,False,2024-12-31,0.8945711772926156
2024-12-31,NZDUSD,NZD,USD,-33.66485501118454,-19.00216487692299,BASE_DOVISH,True,False,2024-12-31,0.8022501555447824
2024-12-31,USDSEK,USD,SEK,31.457367882839264,18.171970371134577,BASE_HAWKISH,True,False,2024-12-31,0.09232102174783324
2025-01-31,AUDCHF,AUD,CHF,9.850009584453254,3.4102426662594283,BASE_HAWKISH,True,False,2025-01-31,-0.8170055898295389
2025-01-31,AUDNOK,AUD,NOK,32.8785641510424,2.294621229214485,BASE_HAWKISH,True,False,2025-01-31,-0.34234631883737654
2025-01-31,AUDUSD,AUD,USD,26.712915293537634,1.4397401002839842,BASE_HAWKISH,True,False,2025-01-31,-0.060189081627867735
2025-01-31,NZDCAD,NZD,CAD,2.220772954633915,11.233469088868787,BASE_HAWKISH,True,False,2025-01-31,-1.1235246324238388
2025-01-31,CADSEK,CAD,SEK,17.47438190589766,10.669172900008064,BASE_HAWKISH,True,False,2025-01-31,-2.4177080622917217
2025-01-31,GBPNOK,GBP,NOK,12.790596338429687,5.544325944152533,BASE_HAWKISH,True,False,2025-01-31,1.0941545669145492
2025-01-31,GBPSEK,GBP,SEK,33.96177853776185,0.5689079892196958,BASE_HAWKISH,True,False,2025-01-31,-1.3209149685056665
2025-01-31,GBPUSD,GBP,USD,6.624947480924924,4.689444815222032,BASE_HAWKISH,True,False,2025-01-31,1.3763118041240578
2025-01-31,USDNOK,USD,NOK,6.165648857504763,0.8548811289305007,BASE_HAWKISH,True,False,2025-01-31,-0.2821572372095088
2025-01-31,NZDSEK,NZD,SEK,19.695154860531574,21.90264198887685,BASE_HAWKISH,True,False,2025-01-31,-3.5412326947155606
2025-02-28,AUDCHF,AUD,CHF,-0.7242582752390163,-10.57426785969227,BASE_DOVISH,True,False,2025-02-28,-1.9407166241276417
2025-02-28,AUDUSD,AUD,USD,-3.6605300019322584,-30.373445295469892,BASE_DOVISH,True,False,2025-02-28,0.4185497320444398
2025-02-28,GBPCAD,GBP,CAD,22.830876172488395,6.343479540624202,BASE_HAWKISH,True,False,2025-02-28,2.2479578251423353
2025-02-28,CADNOK,CAD,NOK,-9.401184373270524,-5.704384079836018,BASE_DOVISH,True,False,2025-02-28,-6.05783397106878
2025-02-28,NZDCAD,NZD,CAD,13.571122401720963,11.350349447087048,BASE_HAWKISH,True,False,2025-02-28,0.9403247571899387
2025-02-28,USDCAD,USD,CAD,27.42544054435907,17.5629913934198,BASE_HAWKISH,True,False,2025-02-28,-0.4420393130079723
2025-02-28,USDCHF,USD,CHF,2.936271726693242,19.799177435777622,BASE_HAWKISH,True,False,2025-02-28,-2.3592663561720815
2025-02-28,GBPNOK,GBP,NOK,13.42969179921787,0.6390954607881838,BASE_HAWKISH,True,False,2025-02-28,-3.809876145926444
2025-02-28,GBPUSD,GBP,USD,-4.594564371870675,-11.219511852795598,BASE_DOVISH,True,False,2025-02-28,2.6899971381503076
2025-02-28,NZDNOK,NZD,NOK,4.169938028450439,5.64596536725103,BASE_HAWKISH,True,False,2025-02-28,-5.11750921387884
2025-02-28,USDNOK,USD,NOK,18.024256171088545,11.858607313583782,BASE_HAWKISH,True,False,2025-02-28,-6.4998732840767515
2025-02-28,NZDUSD,NZD,USD,-13.854318142638107,-6.212641946332752,BASE_DOVISH,True,False,2025-02-28,1.382364070197911
2025-02-28,USDSEK,USD,SEK,33.380078821849985,6.0432477650130565,BASE_HAWKISH,True,False,2025-02-28,-6.8839985411805955
2025-03-31,AUDCHF,AUD,CHF,-16.371187659603933,-15.646929384364917,BASE_DOVISH,True,False,2025-03-31,-4.235052108813931
2025-03-31,GBPAUD,GBP,AUD,4.8772918581286575,5.811326228067074,BASE_HAWKISH,True,False,2025-03-31,0.785068058218999
2025-03-31,AUDNOK,AUD,NOK,-5.1963127871951045,-19.56003895635139,BASE_DOVISH,True,False,2025-03-31,0.6769227638620445
2025-03-31,AUDNZD,AUD,NZD,11.047689619089844,0.853901478383996,BASE_HAWKISH,True,False,2025-03-31,-1.7719685191254082
2025-03-31,AUDUSD,AUD,USD,-15.307860747948737,-11.647330746016479,BASE_DOVISH,True,False,2025-03-31,2.2968397388224426
2025-03-31,CADNOK,CAD,NOK,-11.21094530153323,-1.8097609282627047,BASE_DOVISH,True,False,2025-03-31,2.163312564864084
2025-03-31,NZDCAD,NZD,CAD,-5.03305710475172,-18.604179506472683,BASE_DOVISH,True,False,2025-03-31,0.28557871812336866
2025-03-31,CADSEK,CAD,SEK,19.645485946985637,13.690847669494723,BASE_HAWKISH,True,False,2025-03-31,-0.1247678745567018
2025-03-31,GBPCHF,GBP,CHF,-11.493895801475276,-9.835603156297843,BASE_DOVISH,True,False,2025-03-31,-3.4499840505949315
2025-03-31,NZDCHF,NZD,CHF,-27.418877278693778,-16.500830862748913,BASE_DOVISH,True,False,2025-03-31,-2.4630835896885226
2025-03-31,CHFSEK,CHF,SEK,42.031306120927695,11.587499025770953,BASE_HAWKISH,True,False,2025-03-31,2.6238944332551895
2025-03-31,USDCHF,USD,CHF,-1.0633269116551958,-3.999598638348438,BASE_DOVISH,True,False,2025-03-31,-6.531891847636373
2025-03-31,GBPNOK,GBP,NOK,-0.31902092906644697,-13.748712728284318,BASE_DOVISH,True,False,2025-03-31,1.4619908220810436
2025-03-31,GBPNZD,GBP,NZD,15.924981477218502,6.66522770645107,BASE_HAWKISH,True,False,2025-03-31,-0.9869004609064091
2025-03-31,GBPSEK,GBP,SEK,30.53741031945242,1.7518958694731097,BASE_HAWKISH,True,False,2025-03-31,-0.8260896173397423
2025-03-31,GBPUSD,GBP,USD,-10.43056888982008,-5.836004517949405,BASE_DOVISH,True,False,2025-03-31,3.081907797041442
2025-03-31,NZDNOK,NZD,NOK,-16.24400240628495,-20.413940434735387,BASE_DOVISH,True,False,2025-03-31,2.4488912829874527
2025-03-31,NOKSEK,NOK,SEK,30.856431248518867,15.500608597757427,BASE_HAWKISH,True,False,2025-03-31,-2.288080439420786
2025-03-31,NZDUSD,NZD,USD,-26.355550367038582,-12.501232224400475,BASE_DOVISH,True,False,2025-03-31,4.06880825794785
2025-03-31,USDSEK,USD,SEK,40.9679792092725,7.587900387422515,BASE_HAWKISH,True,False,2025-03-31,-3.907997414381184
2025-04-30,AUDCAD,AUD,CAD,-22.375846519683158,-28.390479034021283,BASE_DOVISH,True,False,2025-04-30,0.39319608625388996
2025-04-30,AUDCHF,AUD,CHF,-16.92747410201965,-0.5562864424157183,BASE_DOVISH,True,False,2025-04-30,0.3394815787875798
2025-04-30,AUDNOK,AUD,NOK,8.340434738306527,13.536747525501632,BASE_HAWKISH,True,False,2025-04-30,-1.4453075678298792
2025-04-30,AUDNZD,AUD,NZD,21.21233330079854,10.164643681708696,BASE_HAWKISH,True,False,2025-04-30,-0.20457629085540852
2025-04-30,CADCHF,CAD,CHF,5.448372417663506,27.834192591605564,BASE_HAWKISH,True,False,2025-04-30,-0.05371450746631018
2025-04-30,GBPCAD,GBP,CAD,-21.084393619650882,-31.976317992117664,BASE_DOVISH,True,False,2025-04-30,0.7933980349532859
2025-04-30,CADNOK,CAD,NOK,30.716281257989685,41.927226559522914,BASE_HAWKISH,True,False,2025-04-30,-1.8385036540837694
2025-04-30,NZDCAD,NZD,CAD,-43.5881798204817,-38.55512271572998,BASE_DOVISH,True,False,2025-04-30,0.5977723771092984
2025-04-30,CADSEK,CAD,SEK,41.940386675993764,22.294900729008127,BASE_HAWKISH,True,False,2025-04-30,-0.4384031755846545
2025-04-30,USDCAD,USD,CAD,-12.542405037691047,-33.86489829997791,BASE_DOVISH,True,False,2025-04-30,-0.15943190984308037
2025-04-30,GBPCHF,GBP,CHF,-15.636021201987376,-4.1421254005121,BASE_DOVISH,True,False,2025-04-30,0.7396835274869757
2025-04-30,CHFNOK,CHF,NOK,25.26790884032618,14.09303396791735,BASE_HAWKISH,True,False,2025-04-30,-1.784789146617459
2025-04-30,NZDCHF,NZD,CHF,-38.13980740281819,-10.720930124124415,BASE_DOVISH,True,False,2025-04-30,0.5440578696429883
2025-04-30,USDCHF,USD,CHF,-7.094032620027541,-6.030705708372345,BASE_DOVISH,True,False,2025-04-30,-0.21314641730939055
2025-04-30,GBPNOK,GBP,NOK,9.631887638338803,9.95090856740525,BASE_HAWKISH,True,False,2025-04-30,-1.0451056191304833
2025-04-30,GBPNZD,GBP,NZD,22.503786200830817,6.578804723612315,BASE_HAWKISH,True,False,2025-04-30,0.19562565784398744
2025-04-30,USDNOK,USD,NOK,18.173876220298638,8.062328259545005,BASE_HAWKISH,True,False,2025-04-30,-1.9979355639268497
2025-04-30,NZDSEK,NZD,SEK,-1.6477931444879346,-16.260221986721852,BASE_DOVISH,True,False,2025-04-30,0.15936920152464396
2025-04-30,NZDUSD,NZD,USD,-31.04577478279065,-4.69022441575207,BASE_DOVISH,True,False,2025-04-30,0.7572042869523788
2025-05-31,GBPAUD,GBP,AUD,1.8428129949172671,0.5513600948849913,BASE_HAWKISH,True,False,2025-05-31,0.0056241348937162705
2025-05-31,AUDNOK,AUD,NOK,11.85653895605192,3.5161042177453936,BASE_HAWKISH,True,False,2025-05-31,0.8217520882816765
2025-05-31,CADCHF,CAD,CHF,6.064331070852315,0.6159586531888088,BASE_HAWKISH,True,False,2025-05-31,-2.277844660792851
2025-05-31,GBPNOK,GBP,NOK,13.699351950969188,4.067464312630385,BASE_HAWKISH,True,False,2025-05-31,0.8273762231753927
2025-05-31,NZDNOK,NZD,NOK,4.596438564631846,17.46833712712386,BASE_HAWKISH,True,False,2025-05-31,0.8598523663182913
2025-05-31,NOKSEK,NOK,SEK,-2.093538263019205,-13.317643681023284,BASE_DOVISH,True,False,2025-05-31,-0.03335008788660199
2025-05-31,NZDSEK,NZD,SEK,2.502900301612641,4.150693446100576,BASE_HAWKISH,True,False,2025-05-31,0.8265022784316893
2025-06-30,AUDCAD,AUD,CAD,-31.803020701782764,-13.755521802154131,BASE_DOVISH,True,False,2025-06-30,-0.14453399457929983
2025-06-30,AUDCHF,AUD,CHF,-15.797300300895326,-3.8141324721190095,BASE_DOVISH,True,False,2025-06-30,0.505367555069909
2025-06-30,AUDNOK,AUD,NOK,20.701004246482547,8.844465290430627,BASE_HAWKISH,True,False,2025-06-30,0.5292060380765216
2025-06-30,AUDSEK,AUD,SEK,19.197585705586782,9.434585012554066,BASE_HAWKISH,True,False,2025-06-30,1.140371451521602
2025-06-30,AUDUSD,AUD,USD,-6.693295534876576,-0.5309306186458969,BASE_DOVISH,True,False,2025-06-30,-1.3239115884531412
2025-06-30,CADCHF,CAD,CHF,16.005720400887437,9.941389330035122,BASE_HAWKISH,True,False,2025-06-30,0.6499015496492089
2025-06-30,CADNOK,CAD,NOK,52.50402494826531,22.599987092584758,BASE_HAWKISH,True,False,2025-06-30,0.6737400326558214
2025-06-30,NZDCAD,NZD,CAD,-38.964160158995824,-13.656560867947118,BASE_DOVISH,True,False,2025-06-30,-1.3981055420214452
2025-06-30,CADSEK,CAD,SEK,51.000606407369546,23.190106814708198,BASE_HAWKISH,True,False,2025-06-30,1.2849054461009017
2025-06-30,USDCAD,USD,CAD,-25.109725166906188,-13.224591183508235,BASE_DOVISH,True,False,2025-06-30,1.1793775938738413
2025-06-30,CHFNOK,CHF,NOK,36.49830454737787,12.658597762549636,BASE_HAWKISH,True,False,2025-06-30,0.02383848300661262
2025-06-30,NZDCHF,NZD,CHF,-22.958439758108387,-3.7151715379119956,BASE_DOVISH,True,False,2025-06-30,-0.7482039923722363
2025-06-30,CHFSEK,CHF,SEK,34.994886006482105,13.248717484673076,BASE_HAWKISH,True,False,2025-06-30,0.6350038964516929
2025-06-30,USDCHF,USD,CHF,-9.10400476601875,-3.2832018534731127,BASE_DOVISH,True,False,2025-06-30,1.8292791435230502
2025-06-30,NZDNOK,NZD,NOK,13.539864789269487,8.94342622463764,BASE_HAWKISH,True,False,2025-06-30,-0.7243655093656238
2025-06-30,USDNOK,USD,NOK,27.394299781359123,9.375395909076524,BASE_HAWKISH,True,False,2025-06-30,1.8531176265296627
2025-06-30,NZDSEK,NZD,SEK,12.036446248373721,9.53354594676108,BASE_HAWKISH,True,False,2025-06-30,-0.11320009592054353
2025-06-30,NZDUSD,NZD,USD,-13.854434992089637,-0.43196968443888295,BASE_DOVISH,True,False,2025-06-30,-2.5774831358952865
2025-06-30,USDSEK,USD,SEK,25.890881240463358,9.965515631199963,BASE_HAWKISH,True,False,2025-06-30,2.464283039974743
2025-07-31,USDSEK,USD,SEK,26.18066991134615,0.2897886708827926,BASE_HAWKISH,True,False,2025-07-31,-2.7581418848325727
