snapshot,currency,sample,prediction_primary_bp,prediction_lower_bp,prediction_upper_bp,prediction_unconstrained_bp,prediction_equal_weight_bp,no_change_bp,actual_policy_change_6m_bp,selected_penalty,training_cutoff,training_row_count,primary_training_minimum_met,source_primary_eligible,revision_1m_bp
2022-12-31,AUD,DEVELOPMENT,124.82436086873606,46.726281863359134,202.922439874113,123.40467048790863,58.541265791554096,0.0,99.99999999999996,1.0,2022-12-31,786,False,False,
2022-12-31,CAD,DEVELOPMENT,82.26825585909606,4.170176853719127,160.366334864473,86.79531557241712,52.39496451355123,0.0,50.0,1.0,2022-12-31,786,False,False,
2022-12-31,CHF,DEVELOPMENT,59.81352013317643,-18.2845588722005,137.91159913855336,64.06323530000374,31.201848761931537,0.0,75.0,1.0,2022-12-31,786,False,False,
2022-12-31,EUR,DEVELOPMENT,156.29005962835515,78.19198062297822,234.38813863373207,161.85176115423403,59.90936525805175,0.0,150.0,1.0,2022-12-31,786,False,False,
2022-12-31,GBP,DEVELOPMENT,162.2295699208626,84.13149091548566,240.32764892623953,171.93703079038596,58.73868577318706,0.0,150.0,1.0,2022-12-31,786,False,False,
2022-12-31,NOK,DEVELOPMENT,78.75579891532537,0.6577199099484403,156.8538779207023,78.67058466285903,42.41570784998825,0.0,100.0,1.0,2022-12-31,786,False,False,
2022-12-31,NZD,DEVELOPMENT,111.53682661149766,33.43874760612073,189.6349056168746,115.39789827824416,35.90134993942952,0.0,125.0,1.0,2022-12-31,786,False,False,
2022-12-31,SEK,DEVELOPMENT,137.2903220087377,59.19224300336076,215.3884010141146,144.12389278282302,60.246882173036745,0.0,100.0,1.0,2022-12-31,786,False,False,
2022-12-31,USD,DEVELOPMENT,81.45114793905265,3.353068933675715,159.54922694442956,87.45706892680055,46.34333067551325,0.0,75.0,1.0,2022-12-31,786,False,False,
2023-01-31,AUD,CONFIRMATION,111.65215388686046,33.74722792240817,189.55707985131275,110.22608545894069,64.61536175490528,0.0,99.99999999999996,0.01,2023-01-31,796,False,False,-13.172206981875604
2023-01-31,CAD,CONFIRMATION,57.46296541142686,-20.44196055302543,135.36789137587914,60.90221720893143,56.71770333388052,0.0,50.0,0.01,2023-01-31,796,False,False,-24.8052904476692
2023-01-31,CHF,CONFIRMATION,57.31632548699083,-20.588600477461462,135.22125145144312,60.004294690164436,35.51238328041161,0.0,75.0,0.01,2023-01-31,796,False,False,-2.497194646185605
2023-01-31,EUR,CONFIRMATION,138.74318456407252,60.83825859962023,216.6481105285248,143.56702670816404,55.00537258487045,0.0,150.0,0.01,2023-01-31,796,False,False,-17.54687506428263
2023-01-31,GBP,CONFIRMATION,151.80274296446544,73.89781700001315,229.7076689289177,161.09995311848868,46.921832589840506,0.0,150.0,0.01,2023-01-31,796,False,False,-10.42682695639715
2023-01-31,NOK,CONFIRMATION,56.70142555656666,-21.203500407885628,134.60635152101895,56.25057332294476,34.073675744264314,0.0,100.0,0.01,2023-01-31,796,False,False,-22.05437335875871
2023-01-31,NZD,CONFIRMATION,82.77713797780126,4.872212013348971,160.68206394225354,85.95033621785785,40.23211699802702,0.0,125.0,0.01,2023-01-31,796,False,False,-28.7596886336964
2023-01-31,SEK,CONFIRMATION,141.06789994799237,63.162973983540084,218.97282591244465,146.10925447582952,75.672439090524,0.0,125.0,0.01,2023-01-31,796,False,False,3.7775779392546838
2023-01-31,USD,CONFIRMATION,72.05159564487899,-5.853330319573303,149.95652160933128,78.93320922169451,34.91984544879398,0.0,100.0,0.01,2023-01-31,796,False,False,-9.39955229417366
2023-02-28,AUD,CONFIRMATION,111.84499409593272,33.90227796998636,189.78771022187908,111.49130922798751,65.83686352125022,0.0,74.99999999999996,0.01,2023-02-28,806,False,False,0.19284020907225852
2023-02-28,CAD,CONFIRMATION,48.598609660232526,-29.344106465713836,126.54132578617889,51.55294856411012,55.75967916430628,0.0,50.0,0.01,2023-02-28,806,False,False,-8.864355751194331
2023-02-28,CHF,CONFIRMATION,59.476500418436935,-18.466215707509427,137.4192165443833,62.43606728349084,38.41825298752285,0.0,75.0,0.01,2023-02-28,806,False,False,2.1601749314461074
2023-02-28,EUR,CONFIRMATION,99.99871174142635,22.055995615479986,177.9414278673727,105.464528203188,52.5479296653709,0.0,125.0,0.01,2023-02-28,806,False,False,-38.74447282264617
2023-02-28,GBP,CONFIRMATION,118.2746941597481,40.33197803380173,196.21741028569446,128.60791236974447,43.255864604859866,0.0,125.0,0.01,2023-02-28,806,False,False,-33.52804880471734
2023-02-28,NOK,CONFIRMATION,27.78014143392178,-50.16257469202458,105.72285755986815,26.49386286176279,40.580030745522706,0.0,125.0,0.01,2023-02-28,806,False,False,-28.92128412264488
2023-02-28,NZD,CONFIRMATION,49.71200794704198,-28.23070817890438,127.65472407298834,52.93080683521529,40.61385065290849,0.0,75.0,0.01,2023-02-28,806,False,False,-33.06513003075928
2023-02-28,SEK,CONFIRMATION,120.53506767466787,42.59235154872151,198.47778380061425,126.70944089026425,76.12902523483778,0.0,75.0,0.01,2023-02-28,806,False,False,-20.5328322733245
2023-02-28,USD,CONFIRMATION,25.41292912790205,-52.529786998044315,103.35564525384841,34.814874046579575,26.436089339594414,0.0,75.0,0.01,2023-02-28,806,False,False,-46.63866651697694
2023-03-31,AUD,CONFIRMATION,100.87968701767919,22.896143895115472,178.8632301402429,100.94081252066105,59.40263770836472,0.0,49.99999999999996,0.01,2023-03-31,816,False,False,-10.965307078253531
2023-03-31,CAD,CONFIRMATION,3.5008112307060255,-74.4827318918577,81.48435435326974,6.884099484081436,50.44111914925908,0.0,50.0,0.01,2023-03-31,816,False,False,-45.0977984295265
2023-03-31,CHF,CONFIRMATION,54.283465593075185,-23.70007752948853,132.2670087156389,55.76320680026602,52.1407950460003,0.0,25.0,0.01,2023-03-31,816,False,False,-5.1930348253617495
2023-03-31,EUR,CONFIRMATION,76.21136022821005,-1.7721828943536622,154.19490335077376,78.46016955176933,57.19874135234088,0.0,100.0,0.01,2023-03-31,816,False,False,-23.787351513216294
2023-03-31,GBP,CONFIRMATION,78.02351102494549,0.03996790238177539,156.00705414750922,90.68218555780608,33.614791805240635,0.0,100.0,0.01,2023-03-31,816,False,False,-40.2511831348026
2023-03-31,NOK,CONFIRMATION,41.36373902614855,-36.619804096415166,119.34728214871227,39.817954717474294,44.75027547534114,0.0,125.0,0.01,2023-03-31,816,False,False,13.58359759222677
2023-03-31,NZD,CONFIRMATION,46.25243190138558,-31.73111122117814,124.2359750239493,49.232974258573705,40.8979975065793,0.0,75.0,0.01,2023-03-31,816,False,False,-3.459576045656405
2023-03-31,SEK,CONFIRMATION,95.58130112467133,17.59775800210761,173.56484424723504,100.48673949668473,84.74693306621033,0.0,100.0,0.01,2023-03-31,816,False,False,-24.953766549996544
2023-03-31,USD,CONFIRMATION,-2.238492248890868,-80.22203537145458,75.74505087367285,6.30709189674598,32.01740227422335,0.0,50.0,0.01,2023-03-31,816,False,False,-27.651421376792918
2023-04-30,AUD,CONFIRMATION,100.27895592573996,22.161135300594765,178.39677655088516,99.47894424465917,66.78482252385942,0.0,49.99999999999996,0.01,2023-04-30,824,False,False,-0.6007310919392239
2023-04-30,CAD,CONFIRMATION,-26.928754882349395,-105.0465755074946,51.189065742795805,-23.33909541192984,41.337201386329255,0.0,50.0,0.01,2023-04-30,824,False,False,-30.429566113055422
2023-04-30,CHF,CONFIRMATION,42.414913028994185,-35.702907596151015,120.53273365413938,43.53316633752145,44.72441986232598,0.0,25.0,0.01,2023-04-30,824,False,False,-11.868552564081
2023-04-30,EUR,CONFIRMATION,48.117680841193504,-30.000139783951695,126.2355014663387,49.102655320966505,48.47991758846854,0.0,100.0,0.01,2023-04-30,824,False,False,-28.09367938701655
2023-04-30,GBP,CONFIRMATION,80.89824932730507,2.780428702159867,159.01606995245027,90.47177529574799,52.12439378588076,0.0,100.0,0.01,2023-04-30,824,False,False,2.8747383023595745
2023-04-30,NOK,CONFIRMATION,23.145381256361937,-54.97243936878326,101.26320188150714,20.1189752824417,34.32288222320565,0.0,125.0,0.01,2023-04-30,824,False,False,-18.218357769786614
2023-04-30,NZD,CONFIRMATION,61.80564352231749,-16.31217710282771,139.92346414746268,64.16477756441556,43.27147203291231,0.0,25.0,0.01,2023-04-30,824,False,False,15.553211620931911
2023-04-30,SEK,CONFIRMATION,91.84772116401618,13.729900538870979,169.96554178916136,96.37980473547425,69.27651069372968,0.0,100.0,0.01,2023-04-30,824,False,False,-3.733579960655149
2023-04-30,USD,CONFIRMATION,-8.479548409898396,-86.5973690350436,69.6382722152468,-1.7478853370882628,34.381467625392254,0.0,50.0,0.01,2023-04-30,824,False,False,-6.241056161007528
2023-05-31,AUD,CONFIRMATION,63.33412969036922,-14.835636596112657,141.50389597685108,64.80742001744855,49.968225319125885,0.0,49.99999999999996,0.01,2023-05-31,833,False,False,-36.94482623537075
2023-05-31,CAD,CONFIRMATION,-50.761564142655544,-128.9313304291374,27.40820214382633,-45.3316017647698,24.749225016840757,0.0,50.0,0.01,2023-05-31,833,False,False,-23.83280926030615
2023-05-31,CHF,CONFIRMATION,39.244807119567724,-38.92495916691415,117.4145734060496,40.0931395687933,46.388132952198404,0.0,25.0,0.01,2023-05-31,833,False,False,-3.1701059094264608
2023-05-31,EUR,CONFIRMATION,20.665296353706687,-57.50446993277519,98.83506264018857,22.754120697218337,45.47989931230599,0.0,75.0,0.01,2023-05-31,833,False,False,-27.452384487486817
2023-05-31,GBP,CONFIRMATION,43.78613202908212,-34.383634257399756,121.95589831556399,53.444367345544556,43.93325457306909,0.0,75.0,0.01,2023-05-31,833,False,False,-37.11211729822295
2023-05-31,NOK,CONFIRMATION,29.872601816852544,-48.29716446962933,108.04236810333441,26.474456543145372,46.62539482448975,0.0,100.0,0.01,2023-05-31,833,False,False,6.727220560490608
2023-05-31,NZD,CONFIRMATION,18.699474425056977,-59.4702918614249,96.86924071153885,22.468567692294002,32.828836062254574,0.0,0.0,0.01,2023-05-31,833,False,False,-43.10616909726051
2023-05-31,SEK,CONFIRMATION,46.50008476979623,-31.669681516685642,124.6698510562781,51.13466181884115,69.33160683545721,0.0,50.0,0.01,2023-05-31,833,False,False,-45.34763639421995
2023-05-31,USD,CONFIRMATION,-37.53159873758373,-115.70136502406561,40.638167548898146,-34.15534978467979,36.715721093482315,0.0,25.0,0.01,2023-05-31,833,False,False,-29.052050327685333
2023-06-30,AUD,CONFIRMATION,54.75422229168085,-23.094270245403663,132.60271482876536,56.720164655270494,49.37265337660673,0.0,25.0,0.01,2023-06-30,842,False,False,-8.57990739868837
2023-06-30,CAD,CONFIRMATION,-43.27639961006473,-121.12489214714924,34.57209292701978,-40.17459714636598,31.300078330265453,0.0,25.0,0.01,2023-06-30,842,False,False,7.485164532590815
2023-06-30,CHF,CONFIRMATION,-5.330956399959568,-83.17944893704407,72.51753613712495,-2.0442815387305346,27.08779398763849,0.0,0.0,0.01,2023-06-30,842,False,False,-44.57576351952729
2023-06-30,EUR,CONFIRMATION,-16.446892583320086,-94.2953851204046,61.401599953764425,-11.080849626024385,27.319436455004837,0.0,50.0,0.01,2023-06-30,842,False,False,-37.11218893702677
2023-06-30,GBP,CONFIRMATION,19.769419171307675,-58.079073365776836,97.61791170839219,19.548776513293607,59.55885312497011,0.0,25.0,0.01,2023-06-30,842,False,False,-24.016712857774444
2023-06-30,NOK,CONFIRMATION,25.90070952430335,-51.94778301278116,103.74920206138786,24.706301918758463,47.729768169421135,0.0,75.0,0.01,2023-06-30,842,False,False,-3.971892292549196
2023-06-30,NZD,CONFIRMATION,17.735230991744615,-60.113261545339896,95.58372352882913,20.952811392510903,33.96247973961859,0.0,0.0,0.01,2023-06-30,842,False,False,-0.9642434333123617
2023-06-30,SEK,CONFIRMATION,38.6360156499,-39.21247688718451,116.48450818698451,42.7894614857414,63.94722793516338,0.0,50.0,0.01,2023-06-30,842,False,False,-7.864069119896229
2023-06-30,USD,CONFIRMATION,-54.12101902161899,-131.96951155870352,23.72747351546552,-51.129392918950074,36.13191687638046,0.0,25.0,0.01,2023-06-30,842,False,False,-16.589420284035263
2023-07-31,AUD,CONFIRMATION,57.28869141202935,-20.337075253298153,134.91445807735687,58.79009558743014,50.912987993593795,0.0,25.0,0.01,2023-07-31,851,False,False,2.534469120348504
2023-07-31,CAD,CONFIRMATION,-54.21147103390025,-131.83723769922776,23.41429563142725,-53.262229886634714,23.324616537065083,0.0,0.0,0.01,2023-07-31,851,False,False,-10.935071423835524
2023-07-31,CHF,CONFIRMATION,-15.220703993413531,-92.84647065874104,62.405062671913974,-13.031784069509984,22.612961928538354,0.0,0.0,0.01,2023-07-31,851,False,False,-9.889747593453963
2023-07-31,GBP,CONFIRMATION,23.495258971557664,-54.13050769376984,101.12102563688516,23.267748863907926,62.35224874101753,0.0,25.0,0.01,2023-07-31,851,False,False,3.7258398002499895
2023-07-31,NOK,CONFIRMATION,32.308367734120516,-45.31739893120699,109.93413439944803,28.559822012075685,73.33448083808355,0.0,75.0,0.01,2023-07-31,851,False,False,6.407658209817168
2023-07-31,NZD,CONFIRMATION,-7.121942848432427,-84.74770951375993,70.50382381689508,-3.707483193418809,35.050433384077984,0.0,0.0,0.01,2023-07-31,851,False,False,-24.85717384017704
2023-07-31,SEK,CONFIRMATION,35.14770415452864,-42.478062510798864,112.77347081985614,38.609735982042345,63.965874460880954,0.0,25.0,0.01,2023-07-31,851,False,False,-3.488311495371363
2023-07-31,USD,CONFIRMATION,-57.04033416120521,-134.66610082653273,20.585432504122295,-54.940886420103624,29.58235012982901,0.0,0.0,0.01,2023-07-31,851,False,False,-2.9193151395862174
2023-08-31,AUD,CONFIRMATION,22.25690894755944,-55.46868839435761,99.98250628947649,23.53021873193943,41.47759255870288,0.0,25.0,0.01,2023-08-31,860,False,False,-35.03178246446991
2023-08-31,CAD,CONFIRMATION,-60.753972014046866,-138.47956935596392,16.971625327870186,-61.116946518750325,18.177142223344752,0.0,0.0,0.01,2023-08-31,860,False,False,-6.542500980146613
2023-08-31,CHF,CONFIRMATION,-15.250387799084365,-92.97598514100142,62.47520954283269,-13.421235502135415,22.171613627181177,0.0,0.0,0.01,2023-08-31,860,False,False,-0.029683805670833507
2023-08-31,GBP,CONFIRMATION,9.689233220694302,-68.03636412122275,87.41483056261136,8.721369695625262,52.10446995471858,0.0,0.0,0.01,2023-08-31,860,False,False,-13.806025750863363
2023-08-31,NOK,CONFIRMATION,22.104256096496698,-55.62134124542035,99.82985343841375,20.398718624663346,49.18937895796667,0.0,50.0,0.01,2023-08-31,860,False,False,-10.204111637623818
2023-08-31,NZD,CONFIRMATION,-30.997242394727774,-108.72283973664483,46.728354947189274,-26.859041773718236,25.019128898195433,0.0,0.0,0.01,2023-08-31,860,False,False,-23.875299546295345
2023-08-31,SEK,CONFIRMATION,3.3626111255218634,-74.36298621639519,81.08820846743892,7.154961201212261,33.01851158802513,0.0,25.0,0.01,2023-08-31,860,False,False,-31.785093029006777
2023-08-31,USD,CONFIRMATION,-82.8560420801975,-160.58163942211456,-5.1304447382804454,-78.87556866136231,13.634158324659188,0.0,0.0,0.01,2023-08-31,860,False,False,-25.81570791899229
2023-09-30,AUD,CONFIRMATION,11.326174604137037,-66.4374678640588,89.08981707233288,13.348711338167517,36.641575256192766,0.0,25.0,0.01,2023-09-30,869,True,False,-10.930734343422404
2023-09-30,CAD,CONFIRMATION,-60.677926120193305,-138.44156858838915,17.085716348002535,-59.80725300119964,17.317639331348502,0.0,0.0,0.01,2023-09-30,869,True,False,0.07604589385356064
2023-09-30,CHF,CONFIRMATION,-28.378166298239982,-106.14180876643582,49.38547616995586,-27.544401216861022,23.789745841292564,0.0,-25.0,0.01,2023-09-30,869,True,False,-13.127778499155617
2023-09-30,GBP,CONFIRMATION,-28.710107764971433,-106.47375023316727,49.05353470322441,-26.477063087694283,30.21677233239363,0.0,0.0,0.01,2023-09-30,869,True,False,-38.39934098566573
2023-09-30,NOK,CONFIRMATION,-14.157064010112304,-91.92070647830815,63.60657845808353,-17.928326315651887,41.0419983917533,0.0,25.0,0.01,2023-09-30,869,True,False,-36.261320106609006
2023-09-30,NZD,CONFIRMATION,-25.712472255097772,-103.47611472329362,52.05117021309807,-21.477454212244783,20.346607998353477,0.0,0.0,0.01,2023-09-30,869,True,False,5.284770139630002
2023-09-30,SEK,CONFIRMATION,12.907958672813397,-64.85568379538245,90.67160114100923,12.973028955573012,58.257561453747755,0.0,0.0,0.01,2023-09-30,869,True,False,9.545347547291534
2023-09-30,USD,CONFIRMATION,-73.87522574982718,-151.63886821802302,3.88841671836866,-69.25332810100589,11.65769645892468,0.0,0.0,0.01,2023-09-30,869,True,False,8.980816330370317
2023-10-31,AUD,CONFIRMATION,14.11154063162513,-63.90465178391756,92.12773304716782,15.64401156796347,34.110774255550425,0.0,25.0,0.01,2023-10-31,878,True,False,2.7853660274880934
2023-10-31,CAD,CONFIRMATION,-54.474057170742114,-132.4902495862848,23.542135244800576,-53.44009447193159,26.624686964551465,0.0,0.0,0.01,2023-10-31,878,True,False,6.203868949451191
2023-10-31,CHF,CONFIRMATION,-23.305297041673185,-101.32148945721588,54.710895373869505,-22.440370241085418,22.739601560308195,0.0,-25.0,0.01,2023-10-31,878,True,False,5.072869256566797
2023-10-31,GBP,CONFIRMATION,-25.819445649253925,-103.83563806479661,52.19674676628877,-17.730483201990005,1.5911156241834696,0.0,0.0,0.01,2023-10-31,878,True,False,2.8906621157175074
2023-10-31,NOK,CONFIRMATION,-20.996105957631173,-99.01229837317386,57.02008645791152,-24.173553608265426,19.830344883943425,0.0,25.0,0.01,2023-10-31,878,True,False,-6.839041947518869
2023-10-31,NZD,CONFIRMATION,-21.72666736346482,-99.74285977900752,56.28952505207787,-17.820382356619636,20.119448158239518,0.0,0.0,0.01,2023-10-31,878,True,False,3.9858048916329523
2023-10-31,SEK,CONFIRMATION,-20.396796186028787,-98.41298860157147,57.6193962295139,-14.055525438614776,6.761188132568133,0.0,0.0,0.01,2023-10-31,878,True,False,-33.30475485884219
2023-10-31,USD,CONFIRMATION,-74.47423833901496,-152.49043075455765,3.5419540765277304,-68.7910265241202,11.860164942261676,0.0,0.0,0.01,2023-10-31,878,True,False,-0.5990125891877796
2023-11-30,AUD,CONFIRMATION,9.56309859998069,-68.49731689416308,87.62351409412446,8.91198516264554,32.49284149204176,0.0,0.0,0.01,2023-11-30,887,True,False,-4.548442031644441
2023-11-30,CAD,CONFIRMATION,-53.91093094799484,-131.9713464421386,24.149484546148926,-52.394216810265256,23.48071692793291,0.0,0.0,0.01,2023-11-30,887,True,False,0.5631262227472718
2023-11-30,CHF,CONFIRMATION,-20.404539949756593,-98.46495544390037,57.65587554438717,-21.865742378916767,30.000289059178858,0.0,-25.0,0.01,2023-11-30,887,True,False,2.900757091916592
2023-11-30,GBP,CONFIRMATION,-35.27161798237536,-113.33203347651913,42.78879751176841,-28.251334961803128,4.3464023927583,0.0,0.0,0.01,2023-11-30,887,True,False,-9.452172333121435
2023-11-30,NOK,CONFIRMATION,-59.75535493352024,-137.815770427664,18.30506056062353,-61.94728531790633,11.135698449759394,0.0,25.0,0.01,2023-11-30,887,True,False,-38.759248975889065
2023-11-30,NZD,CONFIRMATION,-26.810368075216584,-104.87078356936036,51.25004741892718,-18.13211503007665,-3.9207807774558407,0.0,0.0,0.01,2023-11-30,887,True,False,-5.083700711751764
2023-11-30,SEK,CONFIRMATION,-29.359654496457953,-107.42006999060172,48.70076099768582,-21.860800307161398,11.348376308924703,0.0,-25.0,0.01,2023-11-30,887,True,False,-8.962858310429166
2023-11-30,USD,CONFIRMATION,-69.22995084870335,-147.2903663428471,8.830464645440415,-65.66644628302414,15.57651445019126,0.0,0.0,0.01,2023-11-30,887,True,False,5.244287490311606
2023-12-31,AUD,CONFIRMATION,11.95144772541437,-66.05101904214986,89.9539144929786,11.677656023007188,32.8605980237227,0.0,0.0,10.0,2023-12-31,896,True,False,2.388349125433681
2023-12-31,CAD,CONFIRMATION,-61.76202165499031,-139.76448842255454,16.240445112573916,-63.07999385652531,25.1124121185404,0.0,-25.0,10.0,2023-12-31,896,True,False,-7.851090706995471
2023-12-31,CHF,CONFIRMATION,-24.343254329704596,-102.34572109726882,53.65921243785964,-25.78419060261405,25.93068811136619,0.0,-50.0,10.0,2023-12-31,896,True,False,-3.938714379948003
2023-12-31,NOK,CONFIRMATION,-47.21224236220172,-125.21470912976595,30.79022440536251,-48.375666298483004,17.809604356306743,0.0,0.0,10.0,2023-12-31,896,True,False,12.543112571318517
2023-12-31,NZD,CONFIRMATION,-23.02262294991164,-101.02508971747586,54.97984381765259,-15.920448852799172,-4.017030621352392,0.0,0.0,10.0,2023-12-31,896,True,False,3.7877451253049443
2023-12-31,SEK,CONFIRMATION,-37.657983314448394,-115.66045008201263,40.344483453115835,-28.028028480831374,-17.072350103950427,0.0,-25.0,10.0,2023-12-31,896,True,False,-8.298328817990441
2023-12-31,USD,CONFIRMATION,-69.87378935994319,-147.87625612750742,8.12867740762104,-67.69053885491934,14.837705566548385,0.0,0.0,10.0,2023-12-31,896,True,False,-0.643838511239835
2024-01-31,AUD,CONFIRMATION,11.54546348982453,-66.27138036387434,89.3623073435234,11.638050425983833,26.67147944874644,0.0,0.0,10.0,2024-01-31,904,True,False,-0.4059842355898411
2024-01-31,CAD,CONFIRMATION,-61.32088491905168,-139.13772877275056,16.49595893464719,-62.84632925621207,25.886574074572195,0.0,-50.0,10.0,2024-01-31,904,True,False,0.44113673593863467
2024-01-31,CHF,CONFIRMATION,-17.125732779611734,-94.94257663331061,60.69111107408713,-20.475903458162623,37.72893033029875,0.0,-50.0,10.0,2024-01-31,904,True,False,7.217521550092862
2024-01-31,GBP,CONFIRMATION,-63.38270522159085,-141.19954907528972,14.434138632108024,-57.93919187645968,7.808079679550826,0.0,0.0,10.0,2024-01-31,904,True,False,
2024-01-31,NOK,CONFIRMATION,-33.68332270944524,-111.50016656314412,44.13352114425363,-33.72058677826855,18.716955401516124,0.0,0.0,10.0,2024-01-31,904,True,False,13.528919652756478
2024-01-31,NZD,CONFIRMATION,-23.09810961341366,-100.91495346711253,54.718734240285215,-16.11814806972814,-4.296044619708404,0.0,0.0,10.0,2024-01-31,904,True,False,-0.07548666350201927
2024-01-31,SEK,CONFIRMATION,-46.8194960201746,-124.63633987387347,30.997347833524273,-37.22527432448998,0.4302888768614501,0.0,-25.0,10.0,2024-01-31,904,True,False,-9.161512705726203
2024-01-31,USD,CONFIRMATION,-67.5952816370906,-145.41212549078946,10.221562216608277,-67.56391120902391,27.983254733876564,0.0,0.0,10.0,2024-01-31,904,True,False,2.278507722852595
2024-02-29,AUD,CONFIRMATION,8.01830987306804,-71.17478671250218,87.21140645863825,6.930828956015712,25.278558316290756,0.0,0.0,100.0,2024-02-29,912,True,False,-3.5271536167564896
2024-02-29,CAD,CONFIRMATION,-37.47362962683166,-116.66672621240187,41.71946695873856,-37.51185642824281,25.64290350728638,0.0,-50.0,100.0,2024-02-29,912,True,False,23.84725529222002
2024-02-29,CHF,CONFIRMATION,-5.246592630566128,-84.43968921613634,73.94650395500409,-5.886947202230617,35.75764067145053,0.0,-50.0,100.0,2024-02-29,912,True,False,11.879140149045607
2024-02-29,GBP,CONFIRMATION,-39.34116894115489,-118.53426552672511,39.851927644415326,-38.50472425466153,9.201372725389376,0.0,-25.0,100.0,2024-02-29,912,True,False,24.041536280435956
2024-02-29,NOK,CONFIRMATION,-15.14103298366569,-94.33412956923591,64.05206360190452,-15.478284135049838,18.577772420323733,0.0,0.0,100.0,2024-02-29,912,True,False,18.542289725779554
2024-02-29,NZD,CONFIRMATION,-9.525437462656473,-88.71853404822669,69.66765912291375,-9.235143530852598,-2.804468919262323,0.0,-25.0,100.0,2024-02-29,912,True,False,13.572672150757185
2024-02-29,SEK,CONFIRMATION,-27.9709374090741,-107.16403399464431,51.22215917649612,-26.740328233053372,2.630434080487234,0.0,-50.0,100.0,2024-02-29,912,True,False,18.848558611100497
2024-02-29,USD,CONFIRMATION,-41.436429846736544,-120.62952643230676,37.75666673883367,-41.23266007217168,28.106438216010826,0.0,0.0,100.0,2024-02-29,912,True,False,26.15885179035405
2024-03-31,AUD,CONFIRMATION,8.626120746689027,-70.37669186607728,87.62893335945533,7.547830934438142,25.183824353461727,0.0,0.0,100.0,2024-03-31,920,True,False,0.6078108736209877
2024-03-31,CAD,CONFIRMATION,-36.365784950841864,-115.36859756360818,42.63702766192444,-36.397098153879284,25.468827811985395,0.0,-75.0,100.0,2024-03-31,920,True,False,1.1078446759897957
2024-03-31,CHF,CONFIRMATION,-13.430008222955559,-92.43282083572187,65.57280438981074,-14.128179070350402,35.03220655385588,0.0,-50.0,100.0,2024-03-31,920,True,False,-8.18341559238943
2024-03-31,NOK,CONFIRMATION,-26.644255907630743,-105.64706852039706,52.35855670513556,-27.00707917803464,18.425722641795446,0.0,0.0,100.0,2024-03-31,920,True,False,-11.503222923965053
2024-03-31,NZD,CONFIRMATION,-8.712069983254295,-87.7148825960206,70.29074262951201,-8.416409821733728,-2.9667715250867968,0.0,-25.0,100.0,2024-03-31,920,True,False,0.8133674794021779
2024-03-31,SEK,CONFIRMATION,-27.377785973824892,-106.38059858659119,51.625026638941414,-26.119542560956024,2.1343921016642504,0.0,-50.0,100.0,2024-03-31,920,True,False,0.593151435249208
2024-03-31,USD,CONFIRMATION,-40.13767433751696,-119.14048695028328,38.86513827524934,-39.92418585433508,27.982067454539962,0.0,-50.0,100.0,2024-03-31,920,True,False,1.298755509219582
2024-04-30,CAD,CONFIRMATION,-34.840962621119566,-113.65106985666259,43.96914461442346,-34.56435934705355,23.121906166929985,0.0,-125.0,100.0,2024-04-30,928,True,False,1.5248223297222978
2024-04-30,CHF,CONFIRMATION,-12.954812124755724,-91.76491936029875,65.85529511078731,-13.84356235928249,35.38354416098937,0.0,-50.0,100.0,2024-04-30,928,True,False,0.47519609819983444
2024-04-30,GBP,CONFIRMATION,-36.80037316488406,-115.6104804004271,42.00973407065897,-36.126743400081686,14.012570426998487,0.0,-25.0,100.0,2024-04-30,928,True,False,
2024-04-30,NOK,CONFIRMATION,-25.21622087160529,-104.02632810714832,53.59388636393774,-25.56762452731845,25.552717444036016,0.0,0.0,100.0,2024-04-30,928,True,False,1.4280350360254523
2024-04-30,SEK,CONFIRMATION,-26.054966085719773,-104.8650733212628,52.75514114982326,-24.831112070821987,-4.159061843756298,0.0,-75.0,100.0,2024-04-30,928,True,False,1.3228198881051192
2024-04-30,USD,CONFIRMATION,-38.33243447458309,-117.14254171012612,40.47767276095994,-38.08399643068696,26.036221583258374,0.0,-50.0,100.0,2024-04-30,928,True,False,1.805239862933874
2024-05-31,AUD,CONFIRMATION,-16.40318545753897,-95.13196409964648,62.32559318456855,-17.53376437920573,29.042405868073295,0.0,0.0,100.0,2024-05-31,936,True,False,
2024-05-31,CAD,CONFIRMATION,-37.61528024971577,-116.34405889182328,41.11349839239175,-37.38139191702549,14.150280411815485,0.0,-125.0,100.0,2024-05-31,936,True,False,-2.774317628596201
2024-05-31,CHF,CONFIRMATION,-20.625178491280256,-99.35395713338777,58.10360015082726,-21.568652589595036,28.121512428615645,0.0,-50.0,100.0,2024-05-31,936,True,False,-7.670366366524531
2024-05-31,GBP,CONFIRMATION,-40.06811914669875,-118.79689778880626,38.660659495408765,-39.736596540632114,-4.927190522861231,0.0,-50.0,100.0,2024-05-31,936,True,False,-3.2677459818146914
2024-05-31,NOK,CONFIRMATION,-41.80317740739484,-120.53195604950236,36.92560123471267,-42.08022515321458,1.2227482614786211,0.0,0.0,100.0,2024-05-31,936,True,False,-16.58695653578955
2024-05-31,NZD,CONFIRMATION,-27.75457782731635,-106.48335646942387,50.97420081479116,-27.336447602440906,3.392532072465521,0.0,-125.0,100.0,2024-05-31,936,True,False,
2024-05-31,SEK,CONFIRMATION,-50.05082875595804,-128.77960739806554,28.677949886149477,-48.56191462873542,-16.943899829307988,0.0,-100.0,100.0,2024-05-31,936,True,False,-23.995862670238264
2024-05-31,USD,CONFIRMATION,-34.654148619823964,-113.38292726193148,44.07463002228355,-34.376176827513405,27.7740049852488,0.0,-75.0,100.0,2024-05-31,936,True,False,3.6782858547591246
2024-06-30,AUD,CONFIRMATION,-16.12152522708117,-94.71757332937597,62.474522875213616,-17.051691633367543,25.014841452593398,0.0,0.0,100.0,2024-06-30,943,True,False,0.2816602304577991
2024-06-30,CAD,CONFIRMATION,-48.87776511107589,-127.47381321337068,29.7182829912189,-48.61975685758751,10.8813683398933,0.0,-150.0,100.0,2024-06-30,943,True,False,-11.262484861360122
2024-06-30,CHF,CONFIRMATION,-16.473892324296266,-95.06994042659105,62.12215577799852,-17.50383796723092,28.596337822016945,0.0,-75.0,100.0,2024-06-30,943,True,False,4.15128616698399
2024-06-30,GBP,CONFIRMATION,-50.092898141957285,-128.68894624425207,28.503149960337502,-49.611119242767536,-9.886584548279313,0.0,-50.0,100.0,2024-06-30,943,True,False,-10.024778995258536
2024-06-30,NOK,CONFIRMATION,-50.78427150105597,-129.38031960335076,27.81177660123882,-50.144111262374246,0.6973455959163672,0.0,0.0,100.0,2024-06-30,943,True,False,-8.981094093661127
2024-06-30,NZD,CONFIRMATION,-27.092059967283163,-105.68810806957795,51.503988135011625,-26.651851275475,3.420144061586287,0.0,-125.0,100.0,2024-06-30,943,True,False,0.6625178600331871
2024-06-30,SEK,CONFIRMATION,-51.62410567728486,-130.22015377957965,26.971942425009928,-50.12165562404017,-19.273470689295777,0.0,-100.0,100.0,2024-06-30,943,True,False,-1.5732769213268227
2024-06-30,USD,CONFIRMATION,-35.12103987893285,-113.71708798122764,43.47500822336194,-34.75459106092726,27.374612315530598,0.0,-100.0,100.0,2024-06-30,943,True,False,-0.46689125910888407
2024-07-31,AUD,CONFIRMATION,-15.867933177858742,-94.31599818858633,62.580131832868844,-17.2279773231459,17.77518058279037,0.0,0.0,100.0,2024-07-31,951,True,False,0.25359204922242995
2024-07-31,CAD,CONFIRMATION,-52.92331885061884,-131.37138386134643,25.524746160108748,-52.47745276532672,19.219732535746434,0.0,-150.0,100.0,2024-07-31,951,True,False,-4.045553739542953
2024-07-31,CHF,CONFIRMATION,-18.09902630782041,-96.547091318548,60.34903870290718,-19.30114028894074,24.57242194354474,0.0,-75.0,100.0,2024-07-31,951,True,False,-1.6251339835241438
2024-07-31,GBP,CONFIRMATION,-51.285977101362356,-129.73404211208995,27.162087909365233,-50.82441914959577,-8.498973335099738,0.0,-50.0,100.0,2024-07-31,951,True,False,-1.1930789594050708
2024-07-31,NOK,CONFIRMATION,-56.66234875050513,-135.11041376123273,21.785716260222458,-57.029017806039164,-19.773816891806064,0.0,0.0,100.0,2024-07-31,951,True,False,-5.878077249449163
2024-07-31,NZD,CONFIRMATION,-26.437383518564516,-104.8854485292921,52.01068149216307,-25.97219303863969,3.4510493108838673,0.0,-125.0,100.0,2024-07-31,951,True,False,0.6546764487186465
2024-07-31,SEK,CONFIRMATION,-63.07084627326726,-141.51891128399484,15.377218737460332,-61.87431951382753,-10.670195563737028,0.0,-125.0,100.0,2024-07-31,951,True,False,-11.446740595982398
2024-07-31,USD,CONFIRMATION,-39.8902713556441,-118.33833636637169,38.557793655083486,-39.50805669283458,15.139753003273594,0.0,-100.0,100.0,2024-07-31,951,True,False,-4.769231476711255
2024-08-31,AUD,CONFIRMATION,-13.09518770559149,-91.35770060103621,65.16732518985324,-14.28236116541403,20.79086605809438,0.0,-25.0,100.0,2024-08-31,959,True,False,2.7727454722672515
2024-08-31,CAD,CONFIRMATION,-56.54900286658316,-134.81151576202788,21.71351002886157,-56.12882320120638,16.0348802285204,0.0,-150.0,100.0,2024-08-31,959,True,False,-3.6256840159643176
2024-08-31,CHF,CONFIRMATION,-20.028801942748494,-98.29131483819322,58.233710952696235,-21.260513953172882,19.470706350351655,0.0,-75.0,100.0,2024-08-31,959,True,False,-1.9297756349280846
2024-08-31,GBP,CONFIRMATION,-59.42548749688586,-137.6880003923306,18.837025398558872,-58.656005920712985,10.859198362773785,0.0,-50.0,100.0,2024-08-31,959,True,False,-8.139510395523502
2024-08-31,NOK,CONFIRMATION,-54.08685142487017,-132.3493643203149,24.17566147057456,-54.00517323312455,-3.949328291804285,0.0,0.0,100.0,2024-08-31,959,True,False,2.575497325634963
2024-08-31,NZD,CONFIRMATION,-45.83172748222741,-124.09424037767214,32.43078541321732,-45.07731185509894,-13.52640984944364,0.0,-150.0,100.0,2024-08-31,959,True,False,-19.39434396366289
2024-08-31,SEK,CONFIRMATION,-59.18612657569638,-137.44863947114112,19.07638631974835,-57.685136897428585,-0.5245885447581102,0.0,-125.0,100.0,2024-08-31,959,True,False,3.8847196975708798
2024-08-31,USD,CONFIRMATION,-40.65310417535541,-118.91561707080014,37.60940872008932,-40.17413472412662,13.050630644826782,0.0,-100.0,100.0,2024-08-31,959,True,False,-0.7628328197113063
2024-09-30,AUD,CONFIRMATION,-13.724881091024741,-91.79170313678704,64.34194095473755,-14.59666156706806,19.954701771077534,0.0,-25.0,100.0,2024-09-30,966,True,False,-0.6296933854332512
2024-09-30,CAD,CONFIRMATION,-56.08667949983176,-134.15350154559405,21.980142545930534,-55.52299310544653,14.793647723332478,0.0,-150.0,100.0,2024-09-30,966,True,False,0.4623233667513986
2024-09-30,CHF,CONFIRMATION,-22.39353169440825,-100.46035374017055,55.67329035135404,-23.711855050287657,15.71306859682401,0.0,-75.0,100.0,2024-09-30,966,True,False,-2.3647297516597554
2024-09-30,GBP,CONFIRMATION,-56.030497086439354,-134.09731913220165,22.03632495932294,-55.086140578562976,23.594410703241923,0.0,-50.0,100.0,2024-09-30,966,True,False,3.3949904104465034
2024-09-30,NOK,CONFIRMATION,-56.3533698270536,-134.4201918728159,21.713452218708696,-56.33672184667481,9.883855146327688,0.0,0.0,100.0,2024-09-30,966,True,False,-2.2665184021834293
2024-09-30,NZD,CONFIRMATION,-46.7813032787497,-124.84812532451198,31.285518767012597,-46.025020423504415,-13.74503813901369,0.0,-150.0,100.0,2024-09-30,966,True,False,-0.9495757965222893
2024-09-30,SEK,CONFIRMATION,-66.85473446390797,-144.92155650967027,11.21208758185432,-65.22860355126231,-15.689042115921133,0.0,-125.0,100.0,2024-09-30,966,True,False,-7.6686078882115964
2024-09-30,USD,CONFIRMATION,-62.7143967235406,-140.78121876930288,15.352425322221691,-62.47847042868285,18.44340625103503,0.0,-50.0,100.0,2024-09-30,966,True,False,-22.061292548185193
2024-10-31,AUD,CONFIRMATION,-14.468971487141975,-92.54553131784111,63.60758834355717,-15.417719359000134,20.434155193941404,0.0,-25.0,100.0,2024-10-31,972,True,False,-0.7440903961172332
2024-10-31,CAD,CONFIRMATION,-73.13903311600549,-151.21559294670465,4.937526714693647,-72.79334286764902,2.4255210637443696,0.0,-100.0,100.0,2024-10-31,972,True,False,-17.052353616173733
2024-10-31,CHF,CONFIRMATION,-28.44133125608686,-106.517891086786,49.635228574612285,-29.27901624645149,9.128696854714537,0.0,-75.0,100.0,2024-10-31,972,True,False,-6.047799561678609
2024-10-31,GBP,CONFIRMATION,-56.26695758572632,-134.34351741642547,21.809602244972822,-55.39317505955978,31.941907547862378,0.0,-50.0,100.0,2024-10-31,972,True,False,-0.236460499286963
2024-10-31,NOK,CONFIRMATION,-50.294375506089146,-128.37093533678828,27.782184324609993,-50.27120148046597,11.992116023736726,0.0,0.0,100.0,2024-10-31,972,True,False,6.058994320964452
2024-10-31,NZD,CONFIRMATION,-65.0060275393756,-143.08258737007475,13.070532291323545,-64.44373361755844,-13.790828708414502,0.0,-125.0,100.0,2024-10-31,972,True,False,-18.224724260625898
2024-10-31,SEK,CONFIRMATION,-76.97945554710711,-155.05601537780626,1.0971042835920315,-75.91259732723141,-14.019071780426465,0.0,-100.0,100.0,2024-10-31,972,True,False,-10.124721083199134
2024-10-31,USD,CONFIRMATION,-64.51920794610149,-142.59576777680064,13.55735188459765,-64.34893011566831,25.708009991434665,0.0,-50.0,100.0,2024-10-31,972,True,False,-1.804811222560886
2024-11-30,AUD,CONFIRMATION,-30.95095643546373,-109.15841336122293,47.25650049029546,-31.947487783595037,18.640920193969027,0.0,-49.99999999999996,100.0,2024-11-30,980,True,False,-16.481984948321756
2024-11-30,CAD,CONFIRMATION,-80.79684500734355,-159.00430193310274,-2.58938808158436,-80.55320022857686,2.0291376028984907,0.0,-100.0,100.0,2024-11-30,980,True,False,-7.657811891338056
2024-11-30,CHF,CONFIRMATION,-34.46946563050927,-112.67692255626847,43.73799129524992,-35.26366927648149,6.023398128226546,0.0,-75.0,100.0,2024-11-30,980,True,False,-6.028134374422411
2024-11-30,GBP,CONFIRMATION,-61.64109871789886,-139.84855564365805,16.566358207860326,-61.17889766868853,8.432834624574784,0.0,-50.0,100.0,2024-11-30,980,True,False,-5.3741411321725465
2024-11-30,NOK,CONFIRMATION,-58.23790909363244,-136.44536601939163,19.96954783212675,-58.26789947038929,5.348364239480333,0.0,0.0,100.0,2024-11-30,980,True,False,-7.943533587543293
2024-11-30,NZD,CONFIRMATION,-87.95556471515917,-166.16302164091837,-9.748107789399981,-87.50267325333174,-18.51741920189707,0.0,-100.0,100.0,2024-11-30,980,True,False,-22.949537175783576
2024-11-30,SEK,CONFIRMATION,-86.5782720926023,-164.7857290183615,-8.370815166843116,-85.60704835931607,-17.321380953657798,0.0,-50.0,100.0,2024-11-30,980,True,False,-9.598816545495197
2024-11-30,USD,CONFIRMATION,-73.29287458089762,-151.5003315066568,4.9145823448615715,-73.15713895369267,28.740889325984128,0.0,-25.0,100.0,2024-11-30,980,True,False,-8.773666634796129
2024-12-31,AUD,CONFIRMATION,-31.98133070563975,-110.4742656787277,46.511604267448206,-32.78462310919844,20.212590078722574,0.0,-49.99999999999996,100.0,2024-12-31,988,True,False,-1.0303742701760186
2024-12-31,CAD,CONFIRMATION,-81.90666477584307,-160.39959974893102,-3.413729802755114,-81.45676461136246,2.1067258613092186,0.0,-50.0,100.0,2024-12-31,988,True,False,-1.10981976849952
2024-12-31,CHF,CONFIRMATION,-38.421097623833575,-116.91403259692153,40.07183734925438,-39.27004319211141,6.5090562400892225,0.0,-50.0,100.0,2024-12-31,988,True,False,-3.9516319933243054
2024-12-31,GBP,CONFIRMATION,-55.31900323319051,-133.81193820627846,23.173931739897448,-54.83264547540848,15.052545586040264,0.0,-50.0,100.0,2024-12-31,988,True,False,6.322095484708356
2024-12-31,NOK,CONFIRMATION,-62.56527362746766,-141.05820860055562,15.927661345620294,-62.73612433561438,-1.809243164783883,0.0,-25.0,100.0,2024-12-31,988,True,False,-4.3273645338352225
2024-12-31,NZD,CONFIRMATION,-90.91936091007794,-169.41229588316588,-12.426425936989986,-90.49898792154985,-19.87439528290602,0.0,-100.0,100.0,2024-12-31,988,True,False,-2.963796194918771
2024-12-31,SEK,CONFIRMATION,-88.71187378173266,-167.20480875482062,-10.218938808644708,-87.68385023012476,-2.7284126313800563,0.0,-75.0,100.0,2024-12-31,988,True,False,-2.1336016891303586
2024-12-31,USD,CONFIRMATION,-57.2545058988934,-135.74744087198135,21.238429074194556,-57.099067315982474,26.065835266300205,0.0,0.0,100.0,2024-12-31,988,True,False,16.03836868200422
2025-01-31,AUD,CONFIRMATION,-32.88471702656334,-111.6339675759341,45.86453352280742,-33.78239652752362,24.140986437594076,0.0,-49.99999999999996,100.0,2025-01-31,996,True,False,-0.9033863209235875
2025-01-31,CAD,CONFIRMATION,-69.46008147104024,-148.209332020411,9.289169078330517,-69.1597566810711,-0.15102181416934357,0.0,-25.0,100.0,2025-01-31,996,True,False,12.446583304802829
2025-01-31,CHF,CONFIRMATION,-42.73472661101659,-121.48397716038735,36.014523938354166,-43.061838687090464,-7.5546521164685565,0.0,-50.0,100.0,2025-01-31,996,True,False,-4.313628987183016
2025-01-31,GBP,CONFIRMATION,-52.97268483917605,-131.7219353885468,25.77656571019471,-52.47646312675537,18.037478649398683,0.0,-50.0,100.0,2025-01-31,996,True,False,2.3463183940144603
2025-01-31,NOK,CONFIRMATION,-65.76328117760573,-144.51253172697648,12.985969371765023,-66.24759983297508,13.587132400184663,0.0,-25.0,100.0,2025-01-31,996,True,False,-3.1980075501380725
2025-01-31,NZD,CONFIRMATION,-67.23930851640633,-145.98855906577708,11.509942032964432,-66.79090328300256,-21.205924217674095,0.0,-100.0,100.0,2025-01-31,996,True,False,23.680052393671616
2025-01-31,SEK,CONFIRMATION,-86.9344633769379,-165.68371392630866,-8.185212827567142,-86.2587986501802,-6.8151819494597525,0.0,-50.0,100.0,2025-01-31,996,True,False,1.7774104047947645
2025-01-31,USD,CONFIRMATION,-59.59763232010097,-138.34688286947173,19.151618229269786,-59.516141650819094,25.48924081440315,0.0,0.0,100.0,2025-01-31,996,True,False,-2.3431264212075718
2025-02-28,AUD,CONFIRMATION,-49.131804488691536,-128.12663337781464,29.863024400431563,-50.09295219691387,18.707922471156316,0.0,-49.99999999999996,100.0,2025-02-28,1004,True,False,-16.2470874621282
2025-02-28,CAD,CONFIRMATION,-72.89671503111835,-151.89154392024145,6.098113858004751,-72.70362245346179,-1.7751709690148445,0.0,-25.0,100.0,2025-02-28,1004,True,False,-3.436633560078107
2025-02-28,CHF,CONFIRMATION,-48.40754621345252,-127.40237510257562,30.58728267567058,-48.74906670127205,-1.8244760552156123,0.0,-50.0,100.0,2025-02-28,1004,True,False,-5.672819602435929
2025-02-28,GBP,CONFIRMATION,-50.06583885862995,-129.06066774775306,28.928990030493146,-49.7339783570304,12.461351934463483,0.0,-50.0,100.0,2025-02-28,1004,True,False,2.9068459805460947
2025-02-28,NOK,CONFIRMATION,-63.49553065784782,-142.49035954697092,15.499298231275276,-63.4420559352614,2.9842880363875928,0.0,-25.0,100.0,2025-02-28,1004,True,False,2.267750519757911
2025-02-28,NZD,CONFIRMATION,-59.325592629397384,-138.32042151852048,19.669236259725714,-58.610557818076785,-15.49781263632416,0.0,-75.0,100.0,2025-02-28,1004,True,False,7.913715887008941
2025-02-28,SEK,CONFIRMATION,-78.85135330860926,-157.84618219773236,0.14347558051383658,-78.0632254408377,-12.99936336834324,0.0,-25.0,100.0,2025-02-28,1004,True,False,8.083110068328637
2025-02-28,USD,CONFIRMATION,-45.47127448675928,-124.46610337588237,33.52355440236382,-45.3929578479834,20.918999349497287,0.0,0.0,100.0,2025-02-28,1004,True,False,14.126357833341693
2025-03-31,AUD,CONFIRMATION,-49.8080684619011,-129.0193937885391,29.40325686473689,-50.59808584816927,14.899845469939475,0.0,-49.99999999999996,100.0,2025-03-31,1012,True,False,-0.676263973209565
2025-03-31,CAD,CONFIRMATION,-55.822700976239226,-135.0340263028772,23.388624350398764,-55.542963026165246,-4.571470353334,0.0,-25.0,100.0,2025-03-31,1012,True,False,17.07401405487912
2025-03-31,CHF,CONFIRMATION,-33.43688080229717,-112.64820612893516,45.77444452434082,-33.75315516446453,-6.35063777450639,0.0,-25.0,100.0,2025-03-31,1012,True,False,14.970665411155352
2025-03-31,GBP,CONFIRMATION,-44.93077660377244,-124.14210193041043,34.28054872286555,-44.453488019655225,27.057552108999992,0.0,-50.0,100.0,2025-03-31,1012,True,False,5.135062254857509
2025-03-31,NOK,CONFIRMATION,-44.611755674706,-123.82308100134398,34.59956965193199,-44.919553659936675,28.452202999914512,0.0,-50.0,100.0,2025-03-31,1012,True,False,18.883774983141826
2025-03-31,NZD,CONFIRMATION,-60.855758080990945,-140.06708340762893,18.355567245647045,-60.21179622694009,-16.847452172998707,0.0,-75.0,100.0,2025-03-31,1012,True,False,-1.530165451593561
2025-03-31,SEK,CONFIRMATION,-75.46818692322486,-154.67951224986285,3.743138403413127,-74.24154994715134,-49.14423756747415,0.0,-25.0,100.0,2025-03-31,1012,True,False,3.383166385384399
2025-03-31,USD,CONFIRMATION,-34.50020771395236,-113.71153304059035,44.71111761268563,-34.35309426694484,19.105089687325098,0.0,-25.0,100.0,2025-03-31,1012,True,False,10.971066772806914
2025-04-30,AUD,CONFIRMATION,-49.76101658381189,-128.88439853804158,29.362365370417812,-50.710412725417065,12.175134464947323,0.0,-49.99999999999996,100.0,2025-04-30,1020,True,False,0.04705187808921352
2025-04-30,CAD,CONFIRMATION,-27.38517006412873,-106.50855201835843,51.73821189010097,-26.986079439881973,17.881316542703924,0.0,-50.0,100.0,2025-04-30,1020,True,False,28.437530912110496
2025-04-30,CHF,CONFIRMATION,-32.833542481792236,-111.95692443602194,46.289839472437464,-33.19418524757921,-0.8700108469821153,0.0,-25.0,100.0,2025-04-30,1020,True,False,0.6033383205049319
2025-04-30,GBP,CONFIRMATION,-48.46956368377961,-127.59294563800931,30.65381827045009,-47.99695717957582,14.016075314395957,0.0,-50.0,100.0,2025-04-30,1020,True,False,-3.538787080007168
2025-04-30,NOK,CONFIRMATION,-58.101451322118415,-137.2248332763481,21.021930632111285,-58.58907713901794,12.581950241865783,0.0,-50.0,100.0,2025-04-30,1020,True,False,-13.489695647412418
2025-04-30,NZD,CONFIRMATION,-70.97334988461043,-150.09673183884013,8.150032069619272,-70.38048263327909,-17.91282471052617,0.0,-100.0,100.0,2025-04-30,1020,True,False,-10.117591803619483
2025-04-30,SEK,CONFIRMATION,-69.3255567401225,-148.4489386943522,9.797825214107206,-68.49015386041543,-27.90283367646973,0.0,-50.0,100.0,2025-04-30,1020,True,False,6.142630183102369
2025-04-30,USD,CONFIRMATION,-39.92757510181978,-119.05095705604947,39.19580685240992,-39.80549966560091,12.5333033408548,0.0,-50.0,100.0,2025-04-30,1020,True,False,-5.427367387867413
2025-05-31,AUD,CONFIRMATION,-44.89489677246636,-124.0417828691451,34.25198932421238,-45.95884310295397,11.59330768617765,0.0,-25.0,100.0,2025-05-31,1028,True,False,4.866119811345527
2025-05-31,CAD,CONFIRMATION,-26.84739787283773,-105.99428396951647,52.29948822384101,-26.413682783215542,17.106543878423615,0.0,-50.0,100.0,2025-05-31,1028,True,False,0.5377721912910012
2025-05-31,CHF,CONFIRMATION,-32.91172894369004,-112.05861504036878,46.2351571529887,-33.30120482373117,-1.8467465546804434,0.0,-25.0,100.0,2025-05-31,1028,True,False,-0.07818646189780765
2025-05-31,GBP,CONFIRMATION,-43.05208377754909,-122.19896987422783,36.09480231912965,-42.56776881152495,13.499385415670922,0.0,-25.0,100.0,2025-05-31,1028,True,False,5.417479906230518
2025-05-31,NOK,CONFIRMATION,-56.75143572851828,-135.89832182519703,22.39545036816046,-57.287802893787024,12.520978344923153,0.0,-50.0,100.0,2025-05-31,1028,True,False,1.3500155936001335
2025-05-31,NZD,CONFIRMATION,-52.154997163886435,-131.30188326056518,26.991888932792307,-51.49844497131159,-18.687633955023337,0.0,-100.0,100.0,2025-05-31,1028,True,False,18.818352720723993
2025-05-31,SEK,CONFIRMATION,-54.657897465499076,-133.80478356217782,24.488988631179666,-53.708941174348396,-28.350186555601958,0.0,-50.0,100.0,2025-05-31,1028,True,False,14.667659274623418
2025-05-31,USD,CONFIRMATION,-38.73253185623568,-117.87941795291442,40.41435424044306,-38.60146160248749,12.062615631589702,0.0,-50.0,100.0,2025-05-31,1028,True,False,1.1950432455840954
2025-06-30,AUD,CONFIRMATION,-44.3229405389715,-123.39837706329678,34.75249598535377,-45.44735745889175,11.004963706950917,0.0,-25.0,100.0,2025-06-30,1036,True,False,0.5719562334948591
2025-06-30,CAD,CONFIRMATION,-12.519919837188738,-91.595356361514,66.55551668713653,-12.021213155425901,16.74946858429405,0.0,-50.0,100.0,2025-06-30,1036,True,False,14.32747803564899
2025-06-30,CHF,CONFIRMATION,-28.525640238076175,-107.60107676240145,50.54979628624909,-28.958411183864325,-2.5097115100101295,0.0,0.0,100.0,2025-06-30,1036,True,False,4.386088705613869
2025-06-30,NOK,CONFIRMATION,-65.02394478545405,-144.09938130977932,14.05149173887122,-65.66830688514825,12.309059357830915,0.0,-25.0,100.0,2025-06-30,1036,True,False,-8.272509056935768
2025-06-30,NZD,CONFIRMATION,-51.48407999618456,-130.55951652050982,27.591356528140707,-50.79784637125142,-19.434125523125253,0.0,-100.0,100.0,2025-06-30,1036,True,False,0.670917167701873
2025-06-30,SEK,CONFIRMATION,-63.52052624455828,-142.59596276888357,15.554910279766986,-62.60005125352875,-29.10990363005962,0.0,-25.0,100.0,2025-06-30,1036,True,False,-8.862628779059207
2025-06-30,USD,CONFIRMATION,-37.629645004094925,-116.7050815284202,41.445791520230344,-37.49557993406944,11.828778319942625,0.0,-75.0,100.0,2025-06-30,1036,True,False,1.102886852140756
2025-07-31,CAD,CONFIRMATION,-11.850220321122029,-90.90677386199066,67.20633321974661,-11.33854655217471,16.607647271667247,0.0,-50.0,100.0,2025-07-31,1044,True,False,0.669699516066709
2025-07-31,NOK,CONFIRMATION,-63.91888334350262,-142.97543688437125,15.137670197366013,-64.5801840682216,11.967205074828849,0.0,-25.0,100.0,2025-07-31,1044,True,False,1.1050614419514275
2025-07-31,SEK,CONFIRMATION,-62.80351852746891,-141.86007206833756,16.253035013399725,-61.86146528652143,-29.57790549529694,0.0,-25.0,100.0,2025-07-31,1044,True,False,0.7170077170893734
2025-07-31,USD,CONFIRMATION,-36.62284861612276,-115.67940215699139,42.433704924745875,-36.48544189906325,11.605406193355282,0.0,-75.0,100.0,2025-07-31,1044,True,False,1.006796387972166
2025-08-31,USD,CONFIRMATION,-35.796211232725426,-114.78874469570762,43.19632223025677,-35.65509735690861,11.422508331871823,0.0,-75.0,100.0,2025-08-31,1052,True,False,0.8266373833973333
