snapshot,currency,revision_1m_bp,rank,universe_size,bucket,registered_full_g10
2023-01-31,SEK,3.7775779392546838,1,9,TOP2,False
2023-01-31,CHF,-2.497194646185605,2,9,TOP2,False
2023-01-31,USD,-9.39955229417366,3,9,MIDDLE,False
2023-01-31,GBP,-10.42682695639715,4,9,MIDDLE,False
2023-01-31,AUD,-13.172206981875604,5,9,MIDDLE,False
2023-01-31,EUR,-17.54687506428263,6,9,MIDDLE,False
2023-01-31,NOK,-22.05437335875871,7,9,MIDDLE,False
2023-01-31,CAD,-24.8052904476692,8,9,BOTTOM2,False
2023-01-31,NZD,-28.7596886336964,9,9,BOTTOM2,False
2023-02-28,CHF,2.1601749314461074,1,9,TOP2,False
2023-02-28,AUD,0.19284020907225852,2,9,TOP2,False
2023-02-28,CAD,-8.864355751194331,3,9,MIDDLE,False
2023-02-28,SEK,-20.5328322733245,4,9,MIDDLE,False
2023-02-28,NOK,-28.92128412264488,5,9,MIDDLE,False
2023-02-28,NZD,-33.06513003075928,6,9,MIDDLE,False
2023-02-28,GBP,-33.52804880471734,7,9,MIDDLE,False
2023-02-28,EUR,-38.74447282264617,8,9,BOTTOM2,False
2023-02-28,USD,-46.63866651697694,9,9,BOTTOM2,False
2023-03-31,NOK,13.58359759222677,1,9,TOP2,False
2023-03-31,NZD,-3.459576045656405,2,9,TOP2,False
2023-03-31,CHF,-5.1930348253617495,3,9,MIDDLE,False
2023-03-31,AUD,-10.965307078253531,4,9,MIDDLE,False
2023-03-31,EUR,-23.787351513216294,5,9,MIDDLE,False
2023-03-31,SEK,-24.953766549996544,6,9,MIDDLE,False
2023-03-31,USD,-27.651421376792918,7,9,MIDDLE,False
2023-03-31,GBP,-40.2511831348026,8,9,BOTTOM2,False
2023-03-31,CAD,-45.0977984295265,9,9,BOTTOM2,False
2023-04-30,NZD,15.553211620931911,1,9,TOP2,False
2023-04-30,GBP,2.8747383023595745,2,9,TOP2,False
2023-04-30,AUD,-0.6007310919392239,3,9,MIDDLE,False
2023-04-30,SEK,-3.733579960655149,4,9,MIDDLE,False
2023-04-30,USD,-6.241056161007528,5,9,MIDDLE,False
2023-04-30,CHF,-11.868552564081,6,9,MIDDLE,False
2023-04-30,NOK,-18.218357769786614,7,9,MIDDLE,False
2023-04-30,EUR,-28.09367938701655,8,9,BOTTOM2,False
2023-04-30,CAD,-30.429566113055422,9,9,BOTTOM2,False
2023-05-31,NOK,6.727220560490608,1,9,TOP2,False
2023-05-31,CHF,-3.1701059094264608,2,9,TOP2,False
2023-05-31,CAD,-23.83280926030615,3,9,MIDDLE,False
2023-05-31,EUR,-27.452384487486817,4,9,MIDDLE,False
2023-05-31,USD,-29.052050327685333,5,9,MIDDLE,False
2023-05-31,AUD,-36.94482623537075,6,9,MIDDLE,False
2023-05-31,GBP,-37.11211729822295,7,9,MIDDLE,False
2023-05-31,NZD,-43.10616909726051,8,9,BOTTOM2,False
2023-05-31,SEK,-45.34763639421995,9,9,BOTTOM2,False
2023-06-30,CAD,7.485164532590815,1,9,TOP2,False
2023-06-30,NZD,-0.9642434333123617,2,9,TOP2,False
2023-06-30,NOK,-3.971892292549196,3,9,MIDDLE,False
2023-06-30,SEK,-7.864069119896229,4,9,MIDDLE,False
2023-06-30,AUD,-8.57990739868837,5,9,MIDDLE,False
2023-06-30,USD,-16.589420284035263,6,9,MIDDLE,False
2023-06-30,GBP,-24.016712857774444,7,9,MIDDLE,False
2023-06-30,EUR,-37.11218893702677,8,9,BOTTOM2,False
2023-06-30,CHF,-44.57576351952729,9,9,BOTTOM2,False
2023-07-31,NOK,6.407658209817168,1,8,TOP2,False
2023-07-31,GBP,3.7258398002499895,2,8,TOP2,False
2023-07-31,AUD,2.534469120348504,3,8,MIDDLE,False
2023-07-31,USD,-2.9193151395862174,4,8,MIDDLE,False
2023-07-31,SEK,-3.488311495371363,5,8,MIDDLE,False
2023-07-31,CHF,-9.889747593453963,6,8,MIDDLE,False
2023-07-31,CAD,-10.935071423835524,7,8,BOTTOM2,False
2023-07-31,NZD,-24.85717384017704,8,8,BOTTOM2,False
2023-08-31,CHF,-0.029683805670833507,1,8,TOP2,False
2023-08-31,CAD,-6.542500980146613,2,8,TOP2,False
2023-08-31,NOK,-10.204111637623818,3,8,MIDDLE,False
2023-08-31,GBP,-13.806025750863363,4,8,MIDDLE,False
2023-08-31,NZD,-23.875299546295345,5,8,MIDDLE,False
2023-08-31,USD,-25.81570791899229,6,8,MIDDLE,False
2023-08-31,SEK,-31.785093029006777,7,8,BOTTOM2,False
2023-08-31,AUD,-35.03178246446991,8,8,BOTTOM2,False
2023-09-30,SEK,9.545347547291534,1,8,TOP2,False
2023-09-30,USD,8.980816330370317,2,8,TOP2,False
2023-09-30,NZD,5.284770139630002,3,8,MIDDLE,False
2023-09-30,CAD,0.07604589385356064,4,8,MIDDLE,False
2023-09-30,AUD,-10.930734343422404,5,8,MIDDLE,False
2023-09-30,CHF,-13.127778499155617,6,8,MIDDLE,False
2023-09-30,NOK,-36.261320106609006,7,8,BOTTOM2,False
2023-09-30,GBP,-38.39934098566573,8,8,BOTTOM2,False
2023-10-31,CAD,6.203868949451191,1,8,TOP2,False
2023-10-31,CHF,5.072869256566797,2,8,TOP2,False
2023-10-31,NZD,3.9858048916329523,3,8,MIDDLE,False
2023-10-31,GBP,2.8906621157175074,4,8,MIDDLE,False
2023-10-31,AUD,2.7853660274880934,5,8,MIDDLE,False
2023-10-31,USD,-0.5990125891877796,6,8,MIDDLE,False
2023-10-31,NOK,-6.839041947518869,7,8,BOTTOM2,False
2023-10-31,SEK,-33.30475485884219,8,8,BOTTOM2,False
2023-11-30,USD,5.244287490311606,1,8,TOP2,False
2023-11-30,CHF,2.900757091916592,2,8,TOP2,False
2023-11-30,CAD,0.5631262227472718,3,8,MIDDLE,False
2023-11-30,AUD,-4.548442031644441,4,8,MIDDLE,False
2023-11-30,NZD,-5.083700711751764,5,8,MIDDLE,False
2023-11-30,SEK,-8.962858310429166,6,8,MIDDLE,False
2023-11-30,GBP,-9.452172333121435,7,8,BOTTOM2,False
2023-11-30,NOK,-38.759248975889065,8,8,BOTTOM2,False
2023-12-31,NOK,12.543112571318517,1,7,TOP2,False
2023-12-31,NZD,3.7877451253049443,2,7,TOP2,False
2023-12-31,AUD,2.388349125433681,3,7,MIDDLE,False
2023-12-31,USD,-0.643838511239835,4,7,MIDDLE,False
2023-12-31,CHF,-3.938714379948003,5,7,MIDDLE,False
2023-12-31,CAD,-7.851090706995471,6,7,BOTTOM2,False
2023-12-31,SEK,-8.298328817990441,7,7,BOTTOM2,False
2024-01-31,NOK,13.528919652756478,1,7,TOP2,False
2024-01-31,CHF,7.217521550092862,2,7,TOP2,False
2024-01-31,USD,2.278507722852595,3,7,MIDDLE,False
2024-01-31,CAD,0.44113673593863467,4,7,MIDDLE,False
2024-01-31,NZD,-0.07548666350201927,5,7,MIDDLE,False
2024-01-31,AUD,-0.4059842355898411,6,7,BOTTOM2,False
2024-01-31,SEK,-9.161512705726203,7,7,BOTTOM2,False
2024-02-29,USD,26.15885179035405,1,8,TOP2,False
2024-02-29,GBP,24.041536280435956,2,8,TOP2,False
2024-02-29,CAD,23.84725529222002,3,8,MIDDLE,False
2024-02-29,SEK,18.848558611100497,4,8,MIDDLE,False
2024-02-29,NOK,18.542289725779554,5,8,MIDDLE,False
2024-02-29,NZD,13.572672150757185,6,8,MIDDLE,False
2024-02-29,CHF,11.879140149045607,7,8,BOTTOM2,False
2024-02-29,AUD,-3.5271536167564896,8,8,BOTTOM2,False
2024-03-31,USD,1.298755509219582,1,7,TOP2,False
2024-03-31,CAD,1.1078446759897957,2,7,TOP2,False
2024-03-31,NZD,0.8133674794021779,3,7,MIDDLE,False
2024-03-31,AUD,0.6078108736209877,4,7,MIDDLE,False
2024-03-31,SEK,0.593151435249208,5,7,MIDDLE,False
2024-03-31,CHF,-8.18341559238943,6,7,BOTTOM2,False
2024-03-31,NOK,-11.503222923965053,7,7,BOTTOM2,False
2024-04-30,USD,1.805239862933874,1,5,TOP2,False
2024-04-30,CAD,1.5248223297222978,2,5,TOP2,False
2024-04-30,NOK,1.4280350360254523,3,5,MIDDLE,False
2024-04-30,SEK,1.3228198881051192,4,5,BOTTOM2,False
2024-04-30,CHF,0.47519609819983444,5,5,BOTTOM2,False
2024-05-31,USD,3.6782858547591246,1,6,TOP2,False
2024-05-31,CAD,-2.774317628596201,2,6,TOP2,False
2024-05-31,GBP,-3.2677459818146914,3,6,MIDDLE,False
2024-05-31,CHF,-7.670366366524531,4,6,MIDDLE,False
2024-05-31,NOK,-16.58695653578955,5,6,BOTTOM2,False
2024-05-31,SEK,-23.995862670238264,6,6,BOTTOM2,False
2024-06-30,CHF,4.15128616698399,1,8,TOP2,False
2024-06-30,NZD,0.6625178600331871,2,8,TOP2,False
2024-06-30,AUD,0.2816602304577991,3,8,MIDDLE,False
2024-06-30,USD,-0.46689125910888407,4,8,MIDDLE,False
2024-06-30,SEK,-1.5732769213268227,5,8,MIDDLE,False
2024-06-30,NOK,-8.981094093661127,6,8,MIDDLE,False
2024-06-30,GBP,-10.024778995258536,7,8,BOTTOM2,False
2024-06-30,CAD,-11.262484861360122,8,8,BOTTOM2,False
2024-07-31,NZD,0.6546764487186465,1,8,TOP2,False
2024-07-31,AUD,0.25359204922242995,2,8,TOP2,False
2024-07-31,GBP,-1.1930789594050708,3,8,MIDDLE,False
2024-07-31,CHF,-1.6251339835241438,4,8,MIDDLE,False
2024-07-31,CAD,-4.045553739542953,5,8,MIDDLE,False
2024-07-31,USD,-4.769231476711255,6,8,MIDDLE,False
2024-07-31,NOK,-5.878077249449163,7,8,BOTTOM2,False
2024-07-31,SEK,-11.446740595982398,8,8,BOTTOM2,False
2024-08-31,SEK,3.8847196975708798,1,8,TOP2,False
2024-08-31,AUD,2.7727454722672515,2,8,TOP2,False
2024-08-31,NOK,2.575497325634963,3,8,MIDDLE,False
2024-08-31,USD,-0.7628328197113063,4,8,MIDDLE,False
2024-08-31,CHF,-1.9297756349280846,5,8,MIDDLE,False
2024-08-31,CAD,-3.6256840159643176,6,8,MIDDLE,False
2024-08-31,GBP,-8.139510395523502,7,8,BOTTOM2,False
2024-08-31,NZD,-19.39434396366289,8,8,BOTTOM2,False
2024-09-30,GBP,3.3949904104465034,1,8,TOP2,False
2024-09-30,CAD,0.4623233667513986,2,8,TOP2,False
2024-09-30,AUD,-0.6296933854332512,3,8,MIDDLE,False
2024-09-30,NZD,-0.9495757965222893,4,8,MIDDLE,False
2024-09-30,NOK,-2.2665184021834293,5,8,MIDDLE,False
2024-09-30,CHF,-2.3647297516597554,6,8,MIDDLE,False
2024-09-30,SEK,-7.6686078882115964,7,8,BOTTOM2,False
2024-09-30,USD,-22.061292548185193,8,8,BOTTOM2,False
2024-10-31,NOK,6.058994320964452,1,8,TOP2,False
2024-10-31,GBP,-0.236460499286963,2,8,TOP2,False
2024-10-31,AUD,-0.7440903961172332,3,8,MIDDLE,False
2024-10-31,USD,-1.804811222560886,4,8,MIDDLE,False
2024-10-31,CHF,-6.047799561678609,5,8,MIDDLE,False
2024-10-31,SEK,-10.124721083199134,6,8,MIDDLE,False
2024-10-31,CAD,-17.052353616173733,7,8,BOTTOM2,False
2024-10-31,NZD,-18.224724260625898,8,8,BOTTOM2,False
2024-11-30,GBP,-5.3741411321725465,1,8,TOP2,False
2024-11-30,CHF,-6.028134374422411,2,8,TOP2,False
2024-11-30,CAD,-7.657811891338056,3,8,MIDDLE,False
2024-11-30,NOK,-7.943533587543293,4,8,MIDDLE,False
2024-11-30,USD,-8.773666634796129,5,8,MIDDLE,False
2024-11-30,SEK,-9.598816545495197,6,8,MIDDLE,False
2024-11-30,AUD,-16.481984948321756,7,8,BOTTOM2,False
2024-11-30,NZD,-22.949537175783576,8,8,BOTTOM2,False
2024-12-31,USD,16.03836868200422,1,8,TOP2,False
2024-12-31,GBP,6.322095484708356,2,8,TOP2,False
2024-12-31,AUD,-1.0303742701760186,3,8,MIDDLE,False
2024-12-31,CAD,-1.10981976849952,4,8,MIDDLE,False
2024-12-31,SEK,-2.1336016891303586,5,8,MIDDLE,False
2024-12-31,NZD,-2.963796194918771,6,8,MIDDLE,False
2024-12-31,CHF,-3.9516319933243054,7,8,BOTTOM2,False
2024-12-31,NOK,-4.3273645338352225,8,8,BOTTOM2,False
2025-01-31,NZD,23.680052393671616,1,8,TOP2,False
2025-01-31,CAD,12.446583304802829,2,8,TOP2,False
2025-01-31,GBP,2.3463183940144603,3,8,MIDDLE,False
2025-01-31,SEK,1.7774104047947645,4,8,MIDDLE,False
2025-01-31,AUD,-0.9033863209235875,5,8,MIDDLE,False
2025-01-31,USD,-2.3431264212075718,6,8,MIDDLE,False
2025-01-31,NOK,-3.1980075501380725,7,8,BOTTOM2,False
2025-01-31,CHF,-4.313628987183016,8,8,BOTTOM2,False
2025-02-28,USD,14.126357833341693,1,8,TOP2,False
2025-02-28,SEK,8.083110068328637,2,8,TOP2,False
2025-02-28,NZD,7.913715887008941,3,8,MIDDLE,False
2025-02-28,GBP,2.9068459805460947,4,8,MIDDLE,False
2025-02-28,NOK,2.267750519757911,5,8,MIDDLE,False
2025-02-28,CAD,-3.436633560078107,6,8,MIDDLE,False
2025-02-28,CHF,-5.672819602435929,7,8,BOTTOM2,False
2025-02-28,AUD,-16.2470874621282,8,8,BOTTOM2,False
2025-03-31,NOK,18.883774983141826,1,8,TOP2,False
2025-03-31,CAD,17.07401405487912,2,8,TOP2,False
2025-03-31,CHF,14.970665411155352,3,8,MIDDLE,False
2025-03-31,USD,10.971066772806914,4,8,MIDDLE,False
2025-03-31,GBP,5.135062254857509,5,8,MIDDLE,False
2025-03-31,SEK,3.383166385384399,6,8,MIDDLE,False
2025-03-31,AUD,-0.676263973209565,7,8,BOTTOM2,False
2025-03-31,NZD,-1.530165451593561,8,8,BOTTOM2,False
2025-04-30,CAD,28.437530912110496,1,8,TOP2,False
2025-04-30,SEK,6.142630183102369,2,8,TOP2,False
2025-04-30,CHF,0.6033383205049319,3,8,MIDDLE,False
2025-04-30,AUD,0.04705187808921352,4,8,MIDDLE,False
2025-04-30,GBP,-3.538787080007168,5,8,MIDDLE,False
2025-04-30,USD,-5.427367387867413,6,8,MIDDLE,False
2025-04-30,NZD,-10.117591803619483,7,8,BOTTOM2,False
2025-04-30,NOK,-13.489695647412418,8,8,BOTTOM2,False
2025-05-31,NZD,18.818352720723993,1,8,TOP2,False
2025-05-31,SEK,14.667659274623418,2,8,TOP2,False
2025-05-31,GBP,5.417479906230518,3,8,MIDDLE,False
2025-05-31,AUD,4.866119811345527,4,8,MIDDLE,False
2025-05-31,NOK,1.3500155936001335,5,8,MIDDLE,False
2025-05-31,USD,1.1950432455840954,6,8,MIDDLE,False
2025-05-31,CAD,0.5377721912910012,7,8,BOTTOM2,False
2025-05-31,CHF,-0.07818646189780765,8,8,BOTTOM2,False
2025-06-30,CAD,14.32747803564899,1,7,TOP2,False
2025-06-30,CHF,4.386088705613869,2,7,TOP2,False
2025-06-30,USD,1.102886852140756,3,7,MIDDLE,False
2025-06-30,NZD,0.670917167701873,4,7,MIDDLE,False
2025-06-30,AUD,0.5719562334948591,5,7,MIDDLE,False
2025-06-30,NOK,-8.272509056935768,6,7,BOTTOM2,False
2025-06-30,SEK,-8.862628779059207,7,7,BOTTOM2,False
2025-07-31,NOK,1.1050614419514275,1,4,TOP2,False
2025-07-31,USD,1.006796387972166,2,4,TOP2,False
2025-07-31,SEK,0.7170077170893734,3,4,BOTTOM2,False
2025-07-31,CAD,0.669699516066709,4,4,BOTTOM2,False
2025-08-31,USD,0.8266373833973333,1,1,TOP2,False
