snapshot,pair,base,quote,level_divergence_bp,revision_divergence_bp,context,primary_eligible,registered_full_g10
2023-01-31,AUDCAD,AUD,CAD,54.1891884754336,11.633083465793597,BASE_HAWKISH,True,False
2023-01-31,AUDCHF,AUD,CHF,54.335828399869634,-10.675012335689999,TRANSITION,False,False
2023-01-31,EURAUD,EUR,AUD,27.09103067721206,-4.374668082407027,TRANSITION,False,False
2023-01-31,GBPAUD,GBP,AUD,40.15058907760498,2.745380025478454,BASE_HAWKISH,True,False
2023-01-31,AUDNOK,AUD,NOK,54.9507283302938,8.882166376883106,BASE_HAWKISH,True,False
2023-01-31,AUDNZD,AUD,NZD,28.8750159090592,15.587481651820795,BASE_HAWKISH,True,False
2023-01-31,AUDSEK,AUD,SEK,-29.415746061131912,-16.949784921130288,BASE_DOVISH,True,False
2023-01-31,AUDUSD,AUD,USD,39.600558241981474,-3.7726546877019445,TRANSITION,False,False
2023-01-31,CADCHF,CAD,CHF,0.14663992443603036,-22.308095801483596,TRANSITION,False,False
2023-01-31,EURCAD,EUR,CAD,81.28021915264566,7.25841538338657,BASE_HAWKISH,True,False
2023-01-31,GBPCAD,GBP,CAD,94.33977755303857,14.37846349127205,BASE_HAWKISH,True,False
2023-01-31,CADNOK,CAD,NOK,0.7615398548601959,-2.750917088910491,TRANSITION,False,False
2023-01-31,NZDCAD,NZD,CAD,25.314172566374403,-3.9543981860271984,TRANSITION,False,False
2023-01-31,CADSEK,CAD,SEK,-83.60493453656551,-28.582868386923884,BASE_DOVISH,True,False
2023-01-31,USDCAD,USD,CAD,14.588630233452129,15.405738153495541,BASE_HAWKISH,True,False
2023-01-31,EURCHF,EUR,CHF,81.4268590770817,-15.049680418097026,TRANSITION,False,False
2023-01-31,GBPCHF,GBP,CHF,94.48641747747462,-7.929632310211545,TRANSITION,False,False
2023-01-31,CHFNOK,CHF,NOK,0.6148999304241656,19.557178712573105,BASE_HAWKISH,True,False
2023-01-31,NZDCHF,NZD,CHF,25.460812490810433,-26.262493987510794,TRANSITION,False,False
2023-01-31,CHFSEK,CHF,SEK,-83.75157446100155,-6.274772585440289,BASE_DOVISH,True,False
2023-01-31,USDCHF,USD,CHF,14.73527015788816,-6.902357647988055,TRANSITION,False,False
2023-01-31,EURGBP,EUR,GBP,-13.059558400392916,-7.120048107885481,BASE_DOVISH,True,False
2023-01-31,EURNOK,EUR,NOK,82.04175900750586,4.507498294476079,BASE_HAWKISH,True,False
2023-01-31,EURNZD,EUR,NZD,55.96604658627126,11.212813569413768,BASE_HAWKISH,True,False
2023-01-31,EURSEK,EUR,SEK,-2.3247153839198518,-21.324453003537315,BASE_DOVISH,True,False
2023-01-31,EURUSD,EUR,USD,66.69158891919353,-8.147322770108971,TRANSITION,False,False
2023-01-31,GBPNOK,GBP,NOK,95.10131740789878,11.62754640236156,BASE_HAWKISH,True,False
2023-01-31,GBPNZD,GBP,NZD,69.02560498666418,18.33286167729925,BASE_HAWKISH,True,False
2023-01-31,GBPSEK,GBP,SEK,10.734843016473064,-14.204404895651834,TRANSITION,False,False
2023-01-31,GBPUSD,GBP,USD,79.75114731958645,-1.0272746622234905,TRANSITION,False,False
2023-01-31,NZDNOK,NZD,NOK,26.0757124212346,-6.705315274937689,TRANSITION,False,False
2023-01-31,NOKSEK,NOK,SEK,-84.36647439142571,-25.831951298013394,BASE_DOVISH,True,False
2023-01-31,USDNOK,USD,NOK,15.350170088312325,12.65482106458505,BASE_HAWKISH,True,False
2023-01-31,NZDSEK,NZD,SEK,-58.29076197019111,-32.53726657295108,BASE_DOVISH,True,False
2023-01-31,NZDUSD,NZD,USD,10.725542332922274,-19.36013633952274,TRANSITION,False,False
2023-01-31,USDSEK,USD,SEK,-69.01630430311339,-13.177130233428343,BASE_DOVISH,True,False
2023-02-28,AUDCAD,AUD,CAD,63.24638443570019,9.05719596026659,BASE_HAWKISH,True,False
2023-02-28,AUDCHF,AUD,CHF,52.368493677495785,-1.9673347223738489,TRANSITION,False,False
2023-02-28,EURAUD,EUR,AUD,-11.846282354506371,-38.93731303171843,BASE_DOVISH,True,False
2023-02-28,GBPAUD,GBP,AUD,6.429700063815375,-33.7208890137896,TRANSITION,False,False
2023-02-28,AUDNOK,AUD,NOK,84.06485266201094,29.11412433171714,BASE_HAWKISH,True,False
2023-02-28,AUDNZD,AUD,NZD,62.13298614889074,33.257970239831536,BASE_HAWKISH,True,False
2023-02-28,AUDSEK,AUD,SEK,-8.690073578735152,20.72567248239676,TRANSITION,False,False
2023-02-28,AUDUSD,AUD,USD,86.43206496803067,46.8315067260492,BASE_HAWKISH,True,False
2023-02-28,CADCHF,CAD,CHF,-10.877890758204408,-11.024530682640439,BASE_DOVISH,True,False
2023-02-28,EURCAD,EUR,CAD,51.40010208119382,-29.880117071451842,TRANSITION,False,False
2023-02-28,GBPCAD,GBP,CAD,69.67608449951557,-24.663693053523012,TRANSITION,False,False
2023-02-28,CADNOK,CAD,NOK,20.818468226310745,20.05692837145055,BASE_HAWKISH,True,False
2023-02-28,NZDCAD,NZD,CAD,1.1133982868094563,-24.200774279564946,TRANSITION,False,False
2023-02-28,CADSEK,CAD,SEK,-71.93645801443535,11.66847652213017,TRANSITION,False,False
2023-02-28,USDCAD,USD,CAD,-23.185680532330476,-37.77431076578261,BASE_DOVISH,True,False
2023-02-28,EURCHF,EUR,CHF,40.52221132298941,-40.90464775409228,TRANSITION,False,False
2023-02-28,GBPCHF,GBP,CHF,58.79819374131116,-35.68822373616345,TRANSITION,False,False
2023-02-28,CHFNOK,CHF,NOK,31.696358984515154,31.08145905409099,BASE_HAWKISH,True,False
2023-02-28,NZDCHF,NZD,CHF,-9.764492471394952,-35.225304962205385,BASE_DOVISH,True,False
2023-02-28,CHFSEK,CHF,SEK,-61.05856725623094,22.69300720477061,TRANSITION,False,False
2023-02-28,USDCHF,USD,CHF,-34.06357129053488,-48.79884144842305,BASE_DOVISH,True,False
2023-02-28,EURGBP,EUR,GBP,-18.275982418321746,-5.21642401792883,BASE_DOVISH,True,False
2023-02-28,EURNOK,EUR,NOK,72.21857030750456,-9.823188700001293,TRANSITION,False,False
2023-02-28,EURNZD,EUR,NZD,50.286703794384366,-5.679342791886896,TRANSITION,False,False
2023-02-28,EURSEK,EUR,SEK,-20.536355933241524,-18.21164054932167,BASE_DOVISH,True,False
2023-02-28,EURUSD,EUR,USD,74.5857826135243,7.894193694330767,BASE_HAWKISH,True,False
2023-02-28,GBPNOK,GBP,NOK,90.49455272582631,-4.606764682072463,TRANSITION,False,False
2023-02-28,GBPNZD,GBP,NZD,68.56268621270611,-0.4629187739580658,TRANSITION,False,False
2023-02-28,GBPSEK,GBP,SEK,-2.2603735149197774,-12.995216531392842,BASE_DOVISH,True,False
2023-02-28,GBPUSD,GBP,USD,92.86176503184605,13.110617712259597,BASE_HAWKISH,True,False
2023-02-28,NZDNOK,NZD,NOK,21.9318665131202,-4.143845908114397,TRANSITION,False,False
2023-02-28,NOKSEK,NOK,SEK,-92.75492624074609,-8.38845184932038,BASE_DOVISH,True,False
2023-02-28,USDNOK,USD,NOK,-2.3672123060197308,-17.71738239433206,BASE_DOVISH,True,False
2023-02-28,NZDSEK,NZD,SEK,-70.82305972762589,-12.532297757434776,BASE_DOVISH,True,False
2023-02-28,NZDUSD,NZD,USD,24.299078819139933,13.573536486217662,BASE_HAWKISH,True,False
2023-02-28,USDSEK,USD,SEK,-95.12213854676583,-26.10583424365244,BASE_DOVISH,True,False
2023-03-31,AUDCAD,AUD,CAD,97.37887578697317,34.13249135127297,BASE_HAWKISH,True,False
2023-03-31,AUDCHF,AUD,CHF,46.596221424604,-5.772272252891781,TRANSITION,False,False
2023-03-31,EURAUD,EUR,AUD,-24.668326789469134,-12.822044434962763,BASE_DOVISH,True,False
2023-03-31,GBPAUD,GBP,AUD,-22.856175992733696,-29.28587605654907,BASE_DOVISH,True,False
2023-03-31,AUDNOK,AUD,NOK,59.51594799153064,-24.5489046704803,TRANSITION,False,False
2023-03-31,AUDNZD,AUD,NZD,54.62725511629361,-7.505731032597126,TRANSITION,False,False
2023-03-31,AUDSEK,AUD,SEK,5.298385893007861,13.988459471743013,BASE_HAWKISH,True,False
2023-03-31,AUDUSD,AUD,USD,103.11817926657005,16.686114298539387,BASE_HAWKISH,True,False
2023-03-31,CADCHF,CAD,CHF,-50.78265436236916,-39.90476360416475,BASE_DOVISH,True,False
2023-03-31,EURCAD,EUR,CAD,72.71054899750403,21.310446916310205,BASE_HAWKISH,True,False
2023-03-31,GBPCAD,GBP,CAD,74.52269979423947,4.846615294723897,BASE_HAWKISH,True,False
2023-03-31,CADNOK,CAD,NOK,-37.86292779544252,-58.68139602175327,BASE_DOVISH,True,False
2023-03-31,NZDCAD,NZD,CAD,42.75162067067955,41.638222383870094,BASE_HAWKISH,True,False
2023-03-31,CADSEK,CAD,SEK,-92.08048989396531,-20.144031879529955,BASE_DOVISH,True,False
2023-03-31,USDCAD,USD,CAD,-5.739303479596893,17.44637705273358,TRANSITION,False,False
2023-03-31,EURCHF,EUR,CHF,21.92789463513487,-18.594316687854544,TRANSITION,False,False
2023-03-31,GBPCHF,GBP,CHF,23.740045431870307,-35.05814830944085,TRANSITION,False,False
2023-03-31,CHFNOK,CHF,NOK,12.919726566926634,-18.77663241758852,TRANSITION,False,False
2023-03-31,NZDCHF,NZD,CHF,-8.031033691689608,1.7334587797053445,TRANSITION,False,False
2023-03-31,CHFSEK,CHF,SEK,-41.29783553159614,19.760731724634795,TRANSITION,False,False
2023-03-31,USDCHF,USD,CHF,-56.521957841966056,-22.45838655143117,BASE_DOVISH,True,False
2023-03-31,EURGBP,EUR,GBP,-1.8121507967354376,16.46383162158631,TRANSITION,False,False
2023-03-31,EURNOK,EUR,NOK,34.847621202061504,-37.37094910544306,TRANSITION,False,False
2023-03-31,EURNZD,EUR,NZD,29.958928326824477,-20.32777546755989,TRANSITION,False,False
2023-03-31,EURSEK,EUR,SEK,-19.369940896461273,1.1664150367802506,TRANSITION,False,False
2023-03-31,EURUSD,EUR,USD,78.44985247710092,3.864069863576624,BASE_HAWKISH,True,False
2023-03-31,GBPNOK,GBP,NOK,36.65977199879694,-53.83478072702937,TRANSITION,False,False
2023-03-31,GBPNZD,GBP,NZD,31.771079123559915,-36.7916070891462,TRANSITION,False,False
2023-03-31,GBPSEK,GBP,SEK,-17.557790099725835,-15.297416584806058,BASE_DOVISH,True,False
2023-03-31,GBPUSD,GBP,USD,80.26200327383636,-12.599761758009684,TRANSITION,False,False
2023-03-31,NZDNOK,NZD,NOK,4.888692875237027,-17.043173637883175,TRANSITION,False,False
2023-03-31,NOKSEK,NOK,SEK,-54.21756209852278,38.53736414222331,TRANSITION,False,False
2023-03-31,USDNOK,USD,NOK,-43.602231275039415,-41.23501896901969,BASE_DOVISH,True,False
2023-03-31,NZDSEK,NZD,SEK,-49.32886922328575,21.49419050434014,TRANSITION,False,False
2023-03-31,NZDUSD,NZD,USD,48.49092415027644,24.191845331136513,BASE_HAWKISH,True,False
2023-03-31,USDSEK,USD,SEK,-97.81979337356219,-2.6976548267963736,BASE_DOVISH,True,False
2023-04-30,AUDCAD,AUD,CAD,127.20771080808936,29.8288350211162,BASE_HAWKISH,True,False
2023-04-30,AUDCHF,AUD,CHF,57.86404289674578,11.267821472141776,BASE_HAWKISH,True,False
2023-04-30,EURAUD,EUR,AUD,-52.16127508454646,-27.492948295077326,BASE_DOVISH,True,False
2023-04-30,GBPAUD,GBP,AUD,-19.380706598434898,3.4754693942987984,TRANSITION,False,False
2023-04-30,AUDNOK,AUD,NOK,77.13357466937802,17.61762667784739,BASE_HAWKISH,True,False
2023-04-30,AUDNZD,AUD,NZD,38.473312403422476,-16.153942712871135,TRANSITION,False,False
2023-04-30,AUDSEK,AUD,SEK,8.431234761723786,3.132848868715925,BASE_HAWKISH,True,False
2023-04-30,AUDUSD,AUD,USD,108.75850433563836,5.640325069068304,BASE_HAWKISH,True,False
2023-04-30,CADCHF,CAD,CHF,-69.34366791134357,-18.561013548974422,BASE_DOVISH,True,False
2023-04-30,EURCAD,EUR,CAD,75.0464357235429,2.335886726038872,BASE_HAWKISH,True,False
2023-04-30,GBPCAD,GBP,CAD,107.82700420965446,33.304304415415,BASE_HAWKISH,True,False
2023-04-30,CADNOK,CAD,NOK,-50.07413613871133,-12.211208343268808,BASE_DOVISH,True,False
2023-04-30,NZDCAD,NZD,CAD,88.73439840466688,45.982777733987334,BASE_HAWKISH,True,False
2023-04-30,CADSEK,CAD,SEK,-118.77647604636557,-26.695986152400273,BASE_DOVISH,True,False
2023-04-30,USDCAD,USD,CAD,18.449206472451,24.188509952047895,BASE_HAWKISH,True,False
2023-04-30,EURCHF,EUR,CHF,5.702767812199319,-16.22512682293555,TRANSITION,False,False
2023-04-30,GBPCHF,GBP,CHF,38.48333629831088,14.743290866440574,BASE_HAWKISH,True,False
2023-04-30,CHFNOK,CHF,NOK,19.26953177263225,6.349805205705614,BASE_HAWKISH,True,False
2023-04-30,NZDCHF,NZD,CHF,19.390730493323304,27.42176418501291,BASE_HAWKISH,True,False
2023-04-30,CHFSEK,CHF,SEK,-49.43280813502199,-8.134972603425851,BASE_DOVISH,True,False
2023-04-30,USDCHF,USD,CHF,-50.89446143889258,5.627496403073472,TRANSITION,False,False
2023-04-30,EURGBP,EUR,GBP,-32.78056848611156,-30.968417689376125,BASE_DOVISH,True,False
2023-04-30,EURNOK,EUR,NOK,24.972299584831568,-9.875321617229936,TRANSITION,False,False
2023-04-30,EURNZD,EUR,NZD,-13.687962681123985,-43.64689100794846,BASE_DOVISH,True,False
2023-04-30,EURSEK,EUR,SEK,-43.730040322822674,-24.3600994263614,BASE_DOVISH,True,False
2023-04-30,EURUSD,EUR,USD,56.5972292510919,-21.852623226009023,TRANSITION,False,False
2023-04-30,GBPNOK,GBP,NOK,57.75286807094313,21.09309607214619,BASE_HAWKISH,True,False
2023-04-30,GBPNZD,GBP,NZD,19.092605804987578,-12.678473318572337,TRANSITION,False,False
2023-04-30,GBPSEK,GBP,SEK,-10.949471836711112,6.6083182630147235,TRANSITION,False,False
2023-04-30,GBPUSD,GBP,USD,89.37779773720347,9.115794463367102,BASE_HAWKISH,True,False
2023-04-30,NZDNOK,NZD,NOK,38.66026226595555,33.771569390718525,BASE_HAWKISH,True,False
2023-04-30,NOKSEK,NOK,SEK,-68.70233990765425,-14.484777809131465,BASE_DOVISH,True,False
2023-04-30,USDNOK,USD,NOK,-31.624929666260332,11.977301608779086,TRANSITION,False,False
2023-04-30,NZDSEK,NZD,SEK,-30.04207764169869,19.28679158158706,TRANSITION,False,False
2023-04-30,NZDUSD,NZD,USD,70.28519193221588,21.79426778193944,BASE_HAWKISH,True,False
2023-04-30,USDSEK,USD,SEK,-100.32726957391458,-2.5074762003523787,BASE_DOVISH,True,False
2023-05-31,AUDCAD,AUD,CAD,114.09569383302477,-13.112016975064599,TRANSITION,False,False
2023-05-31,AUDCHF,AUD,CHF,24.089322570801492,-33.77472032594429,TRANSITION,False,False
2023-05-31,EURAUD,EUR,AUD,-42.66883333666253,9.49244174788393,TRANSITION,False,False
2023-05-31,GBPAUD,GBP,AUD,-19.5479976612871,-0.1672910628522004,BASE_DOVISH,True,False
2023-05-31,AUDNOK,AUD,NOK,33.46152787351667,-43.672046795861355,TRANSITION,False,False
2023-05-31,AUDNZD,AUD,NZD,44.63465526531224,6.161342861889764,BASE_HAWKISH,True,False
2023-05-31,AUDSEK,AUD,SEK,16.834044920572985,8.4028101588492,BASE_HAWKISH,True,False
2023-05-31,AUDUSD,AUD,USD,100.86572842795294,-7.892775907685415,TRANSITION,False,False
2023-05-31,CADCHF,CAD,CHF,-90.00637126222327,-20.66270335087969,BASE_DOVISH,True,False
2023-05-31,EURCAD,EUR,CAD,71.42686049636222,-3.6195752271806683,TRANSITION,False,False
2023-05-31,GBPCAD,GBP,CAD,94.54769617173767,-13.279308037916799,TRANSITION,False,False
2023-05-31,CADNOK,CAD,NOK,-80.6341659595081,-30.560029820796757,BASE_DOVISH,True,False
2023-05-31,NZDCAD,NZD,CAD,69.46103856771252,-19.273359836954363,TRANSITION,False,False
2023-05-31,CADSEK,CAD,SEK,-97.26164891245178,21.514827133913798,TRANSITION,False,False
2023-05-31,USDCAD,USD,CAD,13.229965405071816,-5.219241067379183,TRANSITION,False,False
2023-05-31,EURCHF,EUR,CHF,-18.579510765861038,-24.282278578060357,BASE_DOVISH,True,False
2023-05-31,GBPCHF,GBP,CHF,4.541324909514394,-33.94201138879649,TRANSITION,False,False
2023-05-31,CHFNOK,CHF,NOK,9.37220530271518,-9.897326469917068,TRANSITION,False,False
2023-05-31,NZDCHF,NZD,CHF,-20.545332694510748,-39.93606318783405,BASE_DOVISH,True,False
2023-05-31,CHFSEK,CHF,SEK,-7.255277650228507,42.177530484793486,TRANSITION,False,False
2023-05-31,USDCHF,USD,CHF,-76.77640585715145,-25.881944418258872,BASE_DOVISH,True,False
2023-05-31,EURGBP,EUR,GBP,-23.12083567537543,9.65973281073613,TRANSITION,False,False
2023-05-31,EURNOK,EUR,NOK,-9.207305463145858,-34.179605047977425,BASE_DOVISH,True,False
2023-05-31,EURNZD,EUR,NZD,1.96582192864971,15.653784609773695,BASE_HAWKISH,True,False
2023-05-31,EURSEK,EUR,SEK,-25.834788416089545,17.89525190673313,TRANSITION,False,False
2023-05-31,EURUSD,EUR,USD,58.196895091290415,1.599665840198515,BASE_HAWKISH,True,False
2023-05-31,GBPNOK,GBP,NOK,13.913530212229574,-43.839337858713556,TRANSITION,False,False
2023-05-31,GBPNZD,GBP,NZD,25.08665760402514,5.994051799037564,BASE_HAWKISH,True,False
2023-05-31,GBPSEK,GBP,SEK,-2.713952740714113,8.235519095996999,TRANSITION,False,False
2023-05-31,GBPUSD,GBP,USD,81.31773076666585,-8.060066970537616,TRANSITION,False,False
2023-05-31,NZDNOK,NZD,NOK,-11.173127391795568,-49.83338965775112,BASE_DOVISH,True,False
2023-05-31,NOKSEK,NOK,SEK,-16.627482952943687,52.074856954710555,TRANSITION,False,False
2023-05-31,USDNOK,USD,NOK,-67.40420055443627,-35.779270888175944,BASE_DOVISH,True,False
2023-05-31,NZDSEK,NZD,SEK,-27.800610344739255,2.241467296959435,TRANSITION,False,False
2023-05-31,NZDUSD,NZD,USD,56.231073162640705,-14.05411876957518,TRANSITION,False,False
2023-05-31,USDSEK,USD,SEK,-84.03168350737997,16.295586066534614,TRANSITION,False,False
2023-06-30,AUDCAD,AUD,CAD,98.03062190174558,-16.065071931279185,TRANSITION,False,False
2023-06-30,AUDCHF,AUD,CHF,60.085178691640415,35.99585612083892,BASE_HAWKISH,True,False
2023-06-30,EURAUD,EUR,AUD,-71.20111487500094,-28.532281538338403,BASE_DOVISH,True,False
2023-06-30,GBPAUD,GBP,AUD,-34.98480312037317,-15.436805459086074,BASE_DOVISH,True,False
2023-06-30,AUDNOK,AUD,NOK,28.8535127673775,-4.608015106139174,TRANSITION,False,False
2023-06-30,AUDNZD,AUD,NZD,37.01899129993623,-7.615663965376008,TRANSITION,False,False
2023-06-30,AUDSEK,AUD,SEK,16.118206641780844,-0.7158382787921411,TRANSITION,False,False
2023-06-30,AUDUSD,AUD,USD,108.87524131329984,8.009512885346894,BASE_HAWKISH,True,False
2023-06-30,CADCHF,CAD,CHF,-37.94544321010516,52.06092805211811,TRANSITION,False,False
2023-06-30,EURCAD,EUR,CAD,26.829507026744643,-44.59735346961759,TRANSITION,False,False
2023-06-30,GBPCAD,GBP,CAD,63.045818781372404,-31.50187739036526,TRANSITION,False,False
2023-06-30,CADNOK,CAD,NOK,-69.17710913436808,11.457056825140011,TRANSITION,False,False
2023-06-30,NZDCAD,NZD,CAD,61.011630601809344,-8.449407965903177,TRANSITION,False,False
2023-06-30,CADSEK,CAD,SEK,-81.91241525996473,15.349233652487044,TRANSITION,False,False
2023-06-30,USDCAD,USD,CAD,-10.844619411554262,-24.07458481662608,BASE_DOVISH,True,False
2023-06-30,EURCHF,EUR,CHF,-11.115936183360517,7.46357458250052,TRANSITION,False,False
2023-06-30,GBPCHF,GBP,CHF,25.100375571267243,20.55905066175285,BASE_HAWKISH,True,False
2023-06-30,CHFNOK,CHF,NOK,-31.231665924262916,-40.6038712269781,BASE_DOVISH,True,False
2023-06-30,NZDCHF,NZD,CHF,23.066187391704183,43.61152008621493,BASE_HAWKISH,True,False
2023-06-30,CHFSEK,CHF,SEK,-43.96697204985957,-36.711694399631064,BASE_DOVISH,True,False
2023-06-30,USDCHF,USD,CHF,-48.79006262165942,27.98634323549203,TRANSITION,False,False
2023-06-30,EURGBP,EUR,GBP,-36.21631175462776,-13.095476079252329,BASE_DOVISH,True,False
2023-06-30,EURNOK,EUR,NOK,-42.34760210762343,-33.14029664447757,BASE_DOVISH,True,False
2023-06-30,EURNZD,EUR,NZD,-34.1821235750647,-36.14794550371441,BASE_DOVISH,True,False
2023-06-30,EURSEK,EUR,SEK,-55.08290823322009,-29.248119817130544,BASE_DOVISH,True,False
2023-06-30,EURUSD,EUR,USD,37.674126438298906,-20.52276865299151,TRANSITION,False,False
2023-06-30,GBPNOK,GBP,NOK,-6.1312903529956735,-20.044820565225248,BASE_DOVISH,True,False
2023-06-30,GBPNZD,GBP,NZD,2.03418817956306,-23.052469424462082,TRANSITION,False,False
2023-06-30,GBPSEK,GBP,SEK,-18.866596478592328,-16.152643737878215,BASE_DOVISH,True,False
2023-06-30,GBPUSD,GBP,USD,73.89043819292667,-7.42729257373918,TRANSITION,False,False
2023-06-30,NZDNOK,NZD,NOK,-8.165478532558733,3.0076488592368342,TRANSITION,False,False
2023-06-30,NOKSEK,NOK,SEK,-12.735306125596654,3.8921768273470327,TRANSITION,False,False
2023-06-30,USDNOK,USD,NOK,-80.02172854592234,-12.617527991486067,BASE_DOVISH,True,False
2023-06-30,NZDSEK,NZD,SEK,-20.900784658155388,6.899825686583867,TRANSITION,False,False
2023-06-30,NZDUSD,NZD,USD,71.8562500133636,15.625176850722902,BASE_HAWKISH,True,False
2023-06-30,USDSEK,USD,SEK,-92.757034671519,-8.725351164139035,BASE_DOVISH,True,False
2023-07-31,AUDCAD,AUD,CAD,111.5001624459296,13.469540544184028,BASE_HAWKISH,True,False
2023-07-31,AUDCHF,AUD,CHF,72.50939540544289,12.424216713802467,BASE_HAWKISH,True,False
2023-07-31,GBPAUD,GBP,AUD,-33.79343244047169,1.1913706799014854,TRANSITION,False,False
2023-07-31,AUDNOK,AUD,NOK,24.980323677908835,-3.8731890894686636,TRANSITION,False,False
2023-07-31,AUDNZD,AUD,NZD,64.41063426046178,27.391642960525544,BASE_HAWKISH,True,False
2023-07-31,AUDSEK,AUD,SEK,22.14098725750071,6.022780615719867,BASE_HAWKISH,True,False
2023-07-31,AUDUSD,AUD,USD,114.32902557323456,5.4537842599347215,BASE_HAWKISH,True,False
2023-07-31,CADCHF,CAD,CHF,-38.99076704048672,-1.0453238303815606,BASE_DOVISH,True,False
2023-07-31,GBPCAD,GBP,CAD,77.70673000545791,14.660911224085513,BASE_HAWKISH,True,False
2023-07-31,CADNOK,CAD,NOK,-86.51983876802078,-17.34272963365269,BASE_DOVISH,True,False
2023-07-31,NZDCAD,NZD,CAD,47.08952818546783,-13.922102416341517,TRANSITION,False,False
2023-07-31,CADSEK,CAD,SEK,-89.35917518842889,-7.446759928464161,BASE_DOVISH,True,False
2023-07-31,USDCAD,USD,CAD,-2.828863127304956,8.015756284249306,TRANSITION,False,False
2023-07-31,GBPCHF,GBP,CHF,38.7159629649712,13.615587393703953,BASE_HAWKISH,True,False
2023-07-31,CHFNOK,CHF,NOK,-47.529071727534046,-16.297405803271133,BASE_DOVISH,True,False
2023-07-31,NZDCHF,NZD,CHF,8.098761144981104,-14.967426246723077,TRANSITION,False,False
2023-07-31,CHFSEK,CHF,SEK,-50.36840814794217,-6.4014360980826,BASE_DOVISH,True,False
2023-07-31,USDCHF,USD,CHF,-41.81963016779168,6.970432453867746,TRANSITION,False,False
2023-07-31,GBPNOK,GBP,NOK,-8.813108762562852,-2.681818409567178,BASE_DOVISH,True,False
2023-07-31,GBPNZD,GBP,NZD,30.617201819990093,28.58301364042703,BASE_HAWKISH,True,False
2023-07-31,GBPSEK,GBP,SEK,-11.652445182970975,7.2141512956213525,TRANSITION,False,False
2023-07-31,GBPUSD,GBP,USD,80.53559313276287,6.645154939836207,BASE_HAWKISH,True,False
2023-07-31,NZDNOK,NZD,NOK,-39.43031058255294,-31.264832049994208,BASE_DOVISH,True,False
2023-07-31,NOKSEK,NOK,SEK,-2.8393364204081237,9.89596970518853,TRANSITION,False,False
2023-07-31,USDNOK,USD,NOK,-89.34870189532572,-9.326973349403385,BASE_DOVISH,True,False
2023-07-31,NZDSEK,NZD,SEK,-42.269647002961065,-21.368862344805677,BASE_DOVISH,True,False
2023-07-31,NZDUSD,NZD,USD,49.91839131277278,-21.937858700590823,TRANSITION,False,False
2023-07-31,USDSEK,USD,SEK,-92.18803831573385,0.5689963557851456,TRANSITION,False,False
2023-08-31,AUDCAD,AUD,CAD,83.0108809616063,-28.4892814843233,TRANSITION,False,False
2023-08-31,AUDCHF,AUD,CHF,37.5072967466438,-35.00209865879908,TRANSITION,False,False
2023-08-31,GBPAUD,GBP,AUD,-12.56767572686514,21.22575671360655,TRANSITION,False,False
2023-08-31,AUDNOK,AUD,NOK,0.15265285106274362,-24.827670826846095,TRANSITION,False,False
2023-08-31,AUDNZD,AUD,NZD,53.254151342287216,-11.156482918174568,TRANSITION,False,False
2023-08-31,AUDSEK,AUD,SEK,18.89429782203758,-3.2466894354631357,TRANSITION,False,False
2023-08-31,AUDUSD,AUD,USD,105.11295102775694,-9.216074545477625,TRANSITION,False,False
2023-08-31,CADCHF,CAD,CHF,-45.5035842149625,-6.51281717447578,BASE_DOVISH,True,False
2023-08-31,GBPCAD,GBP,CAD,70.44320523474117,-7.263524770716749,TRANSITION,False,False
2023-08-31,CADNOK,CAD,NOK,-82.85822811054356,3.6616106574772047,TRANSITION,False,False
2023-08-31,NZDCAD,NZD,CAD,29.756729619319092,-17.332798566148732,TRANSITION,False,False
2023-08-31,CADSEK,CAD,SEK,-64.11658313956873,25.242592048860164,TRANSITION,False,False
2023-08-31,USDCAD,USD,CAD,-22.10207006615063,-19.273206938845675,BASE_DOVISH,True,False
2023-08-31,GBPCHF,GBP,CHF,24.939621019778667,-13.776341945192529,TRANSITION,False,False
2023-08-31,CHFNOK,CHF,NOK,-37.35464389558106,10.174427831952984,TRANSITION,False,False
2023-08-31,NZDCHF,NZD,CHF,-15.74685459564341,-23.84561574062451,BASE_DOVISH,True,False
2023-08-31,CHFSEK,CHF,SEK,-18.612998924606227,31.755409223335946,TRANSITION,False,False
2023-08-31,USDCHF,USD,CHF,-67.60565428111313,-25.786024113321453,BASE_DOVISH,True,False
2023-08-31,GBPNOK,GBP,NOK,-12.415022875802396,-3.6019141132395447,BASE_DOVISH,True,False
2023-08-31,GBPNZD,GBP,NZD,40.686475615422076,10.069273795431982,BASE_HAWKISH,True,False
2023-08-31,GBPSEK,GBP,SEK,6.326622095172438,17.979067278143415,BASE_HAWKISH,True,False
2023-08-31,GBPUSD,GBP,USD,92.5452753008918,12.009682168128926,BASE_HAWKISH,True,False
2023-08-31,NZDNOK,NZD,NOK,-53.101498491224476,-13.671187908671527,BASE_DOVISH,True,False
2023-08-31,NOKSEK,NOK,SEK,18.741644970974836,21.58098139138296,BASE_HAWKISH,True,False
2023-08-31,USDNOK,USD,NOK,-104.9602981766942,-15.61159628136847,BASE_DOVISH,True,False
2023-08-31,NZDSEK,NZD,SEK,-34.35985352024964,7.909793482711432,TRANSITION,False,False
2023-08-31,NZDUSD,NZD,USD,51.85879968546972,1.9404083726969432,BASE_HAWKISH,True,False
2023-08-31,USDSEK,USD,SEK,-86.21865320571936,5.969385110014489,TRANSITION,False,False
2023-09-30,AUDCAD,AUD,CAD,72.00410072433034,-11.006780237275965,TRANSITION,False,False
2023-09-30,AUDCHF,AUD,CHF,39.70434090237702,2.197044155733213,BASE_HAWKISH,True,False
2023-09-30,GBPAUD,GBP,AUD,-40.03628236910847,-27.468606642243326,BASE_DOVISH,True,False
2023-09-30,AUDNOK,AUD,NOK,25.48323861424934,25.3305857631866,BASE_HAWKISH,True,False
2023-09-30,AUDNZD,AUD,NZD,37.03864685923481,-16.215504483052406,TRANSITION,False,False
2023-09-30,AUDSEK,AUD,SEK,-1.5817840686763596,-20.47608189071394,BASE_DOVISH,True,False
2023-09-30,AUDUSD,AUD,USD,85.20140035396422,-19.91155067379272,TRANSITION,False,False
2023-09-30,CADCHF,CAD,CHF,-32.29975982195332,13.203824393009178,TRANSITION,False,False
2023-09-30,GBPCAD,GBP,CAD,31.967818355221873,-38.47538687951929,TRANSITION,False,False
2023-09-30,CADNOK,CAD,NOK,-46.520862110081,36.337366000462566,TRANSITION,False,False
2023-09-30,NZDCAD,NZD,CAD,34.96545386509553,5.208724245776441,BASE_HAWKISH,True,False
2023-09-30,CADSEK,CAD,SEK,-73.5858847930067,-9.469301653437974,BASE_DOVISH,True,False
2023-09-30,USDCAD,USD,CAD,-13.197299629633875,8.904770436516756,TRANSITION,False,False
2023-09-30,GBPCHF,GBP,CHF,-0.3319414667314504,-25.271562486510113,BASE_DOVISH,True,False
2023-09-30,CHFNOK,CHF,NOK,-14.221102288127678,23.133541607453388,TRANSITION,False,False
2023-09-30,NZDCHF,NZD,CHF,2.66569404314221,18.41254863878562,BASE_HAWKISH,True,False
2023-09-30,CHFSEK,CHF,SEK,-41.28612497105338,-22.673126046447152,BASE_DOVISH,True,False
2023-09-30,USDCHF,USD,CHF,-45.4970594515872,22.108594829525934,TRANSITION,False,False
2023-09-30,GBPNOK,GBP,NOK,-14.553043754859129,-2.138020879056725,BASE_DOVISH,True,False
2023-09-30,GBPNZD,GBP,NZD,-2.9976355098736605,-43.68411112529573,BASE_DOVISH,True,False
2023-09-30,GBPSEK,GBP,SEK,-41.61806643778483,-47.944688532957265,BASE_DOVISH,True,False
2023-09-30,GBPUSD,GBP,USD,45.16511798485575,-47.38015731603605,TRANSITION,False,False
2023-09-30,NZDNOK,NZD,NOK,-11.555408244985468,41.546090246239004,TRANSITION,False,False
2023-09-30,NOKSEK,NOK,SEK,-27.0650226829257,-45.80666765390054,BASE_DOVISH,True,False
2023-09-30,USDNOK,USD,NOK,-59.71816173971487,45.24213643697932,TRANSITION,False,False
2023-09-30,NZDSEK,NZD,SEK,-38.62043092791117,-4.260577407661533,BASE_DOVISH,True,False
2023-09-30,NZDUSD,NZD,USD,48.16275349472941,-3.696046190740315,TRANSITION,False,False
2023-09-30,USDSEK,USD,SEK,-86.78318442264057,-0.5645312169212175,BASE_DOVISH,True,False
2023-10-31,AUDCAD,AUD,CAD,68.58559780236725,-3.418502921963098,TRANSITION,False,False
2023-10-31,AUDCHF,AUD,CHF,37.41683767329832,-2.2875032290787036,TRANSITION,False,False
2023-10-31,GBPAUD,GBP,AUD,-39.930986280879054,0.10529608822941405,TRANSITION,False,False
2023-10-31,AUDNOK,AUD,NOK,35.107646589256305,9.624407975006962,BASE_HAWKISH,True,False
2023-10-31,AUDNZD,AUD,NZD,35.83820799508995,-1.200438864144859,TRANSITION,False,False
2023-10-31,AUDSEK,AUD,SEK,34.50833681765392,36.09012088633028,BASE_HAWKISH,True,False
2023-10-31,AUDUSD,AUD,USD,88.58577897064009,3.384378616675873,BASE_HAWKISH,True,False
2023-10-31,CADCHF,CAD,CHF,-31.16876012906893,1.1309996928843944,TRANSITION,False,False
2023-10-31,GBPCAD,GBP,CAD,28.65461152148819,-3.313206833733684,TRANSITION,False,False
2023-10-31,CADNOK,CAD,NOK,-33.47795121311094,13.04291089697006,TRANSITION,False,False
2023-10-31,NZDCAD,NZD,CAD,32.747389807277294,-2.218064057818239,TRANSITION,False,False
2023-10-31,CADSEK,CAD,SEK,-34.07726098471333,39.50862380829338,TRANSITION,False,False
2023-10-31,USDCAD,USD,CAD,-20.000181168272846,-6.802881538638971,BASE_DOVISH,True,False
2023-10-31,GBPCHF,GBP,CHF,-2.51414860758074,-2.1822071408492896,BASE_DOVISH,True,False
2023-10-31,CHFNOK,CHF,NOK,-2.3091910840420127,11.911911204085666,TRANSITION,False,False
2023-10-31,NZDCHF,NZD,CHF,1.5786296782083653,-1.0870643649338447,TRANSITION,False,False
2023-10-31,CHFSEK,CHF,SEK,-2.908500855644398,38.377624115408985,TRANSITION,False,False
2023-10-31,USDCHF,USD,CHF,-51.168941297341775,-5.6718818457545765,BASE_DOVISH,True,False
2023-10-31,GBPNOK,GBP,NOK,-4.823339691622753,9.729704063236376,TRANSITION,False,False
2023-10-31,GBPNZD,GBP,NZD,-4.092778285789105,-1.0951427759154448,BASE_DOVISH,True,False
2023-10-31,GBPSEK,GBP,SEK,-5.422649463225138,36.19541697455969,TRANSITION,False,False
2023-10-31,GBPUSD,GBP,USD,48.65479268976104,3.489674704905287,BASE_HAWKISH,True,False
2023-10-31,NZDNOK,NZD,NOK,-0.7305614058336474,10.82484683915182,TRANSITION,False,False
2023-10-31,NOKSEK,NOK,SEK,-0.5993097716023854,26.46571291132332,TRANSITION,False,False
2023-10-31,USDNOK,USD,NOK,-53.47813238138379,6.240029358331089,TRANSITION,False,False
2023-10-31,NZDSEK,NZD,SEK,-1.3298711774360328,37.29055975047514,TRANSITION,False,False
2023-10-31,NZDUSD,NZD,USD,52.74757097555014,4.584817480820732,BASE_HAWKISH,True,False
2023-10-31,USDSEK,USD,SEK,-54.07744215298617,32.70574226965441,TRANSITION,False,False
2023-11-30,AUDCAD,AUD,CAD,63.47402954797553,-5.111568254391713,TRANSITION,False,False
2023-11-30,AUDCHF,AUD,CHF,29.96763854973728,-7.4491991235610335,TRANSITION,False,False
2023-11-30,GBPAUD,GBP,AUD,-44.83471658235605,-4.903730301476994,BASE_DOVISH,True,False
2023-11-30,AUDNOK,AUD,NOK,69.31845353350093,34.210806944244624,BASE_HAWKISH,True,False
2023-11-30,AUDNZD,AUD,NZD,36.37346667519727,0.5352586801073222,BASE_HAWKISH,True,False
2023-11-30,AUDSEK,AUD,SEK,38.92275309643864,4.414416278784724,BASE_HAWKISH,True,False
2023-11-30,AUDUSD,AUD,USD,78.79304944868404,-9.792729521956048,TRANSITION,False,False
2023-11-30,CADCHF,CAD,CHF,-33.506390998238246,-2.3376308691693204,BASE_DOVISH,True,False
2023-11-30,GBPCAD,GBP,CAD,18.63931296561948,-10.015298555868707,TRANSITION,False,False
2023-11-30,CADNOK,CAD,NOK,5.844423985525395,39.32237519863634,BASE_HAWKISH,True,False
2023-11-30,NZDCAD,NZD,CAD,27.10056287277826,-5.646826934499035,TRANSITION,False,False
2023-11-30,CADSEK,CAD,SEK,-24.55127645153689,9.525984533176437,TRANSITION,False,False
2023-11-30,USDCAD,USD,CAD,-15.319019900708511,4.681161267564335,TRANSITION,False,False
2023-11-30,GBPCHF,GBP,CHF,-14.867078032618767,-12.352929425038027,BASE_DOVISH,True,False
2023-11-30,CHFNOK,CHF,NOK,39.35081498376364,41.660006067805654,BASE_HAWKISH,True,False
2023-11-30,NZDCHF,NZD,CHF,-6.4058281254599905,-7.984457803668356,BASE_DOVISH,True,False
2023-11-30,CHFSEK,CHF,SEK,8.95511454670136,11.863615402345758,BASE_HAWKISH,True,False
2023-11-30,USDCHF,USD,CHF,-48.82541089894676,2.343530398395014,TRANSITION,False,False
2023-11-30,GBPNOK,GBP,NOK,24.483736951144877,29.30707664276763,BASE_HAWKISH,True,False
2023-11-30,GBPNZD,GBP,NZD,-8.461249907158777,-4.368471621369672,BASE_DOVISH,True,False
2023-11-30,GBPSEK,GBP,SEK,-5.911963485917408,-0.48931402269226965,BASE_DOVISH,True,False
2023-11-30,GBPUSD,GBP,USD,33.95833286632799,-14.696459823433042,TRANSITION,False,False
2023-11-30,NZDNOK,NZD,NOK,32.94498685830365,33.675548264137305,BASE_HAWKISH,True,False
2023-11-30,NOKSEK,NOK,SEK,-30.395700437062285,-29.7963906654599,BASE_DOVISH,True,False
2023-11-30,USDNOK,USD,NOK,-9.474595915183116,44.00353646620067,TRANSITION,False,False
2023-11-30,NZDSEK,NZD,SEK,2.5492864212413693,3.879157598677402,BASE_HAWKISH,True,False
2023-11-30,NZDUSD,NZD,USD,42.419582773486766,-10.32798820206337,TRANSITION,False,False
2023-11-30,USDSEK,USD,SEK,-39.870296352245404,14.207145800740772,TRANSITION,False,False
2023-12-31,AUDCAD,AUD,CAD,73.71346938040469,10.239439832429152,BASE_HAWKISH,True,False
2023-12-31,AUDCHF,AUD,CHF,36.29470205511897,6.327063505381684,BASE_HAWKISH,True,False
2023-12-31,AUDNOK,AUD,NOK,59.16369008761609,-10.154763445884836,TRANSITION,False,False
2023-12-31,AUDNZD,AUD,NZD,34.97407067532601,-1.3993959998712633,TRANSITION,False,False
2023-12-31,AUDSEK,AUD,SEK,49.60943103986276,10.686677943424122,BASE_HAWKISH,True,False
2023-12-31,AUDUSD,AUD,USD,81.82523708535756,3.032187636673516,BASE_HAWKISH,True,False
2023-12-31,CADCHF,CAD,CHF,-37.418767325285714,-3.9123763270474683,BASE_DOVISH,True,False
2023-12-31,CADNOK,CAD,NOK,-14.549779292788592,-20.394203278313988,BASE_DOVISH,True,False
2023-12-31,NZDCAD,NZD,CAD,38.73939870507867,11.638835832300416,BASE_HAWKISH,True,False
2023-12-31,CADSEK,CAD,SEK,-24.10403834054192,0.44723811099497013,TRANSITION,False,False
2023-12-31,USDCAD,USD,CAD,-8.111767704952875,7.207252195755636,TRANSITION,False,False
2023-12-31,CHFNOK,CHF,NOK,22.868988032497125,-16.48182695126652,TRANSITION,False,False
2023-12-31,NZDCHF,NZD,CHF,1.3206313797929567,7.726459505252947,BASE_HAWKISH,True,False
2023-12-31,CHFSEK,CHF,SEK,13.314728984743798,4.359614438042438,BASE_HAWKISH,True,False
2023-12-31,USDCHF,USD,CHF,-45.530535030238596,3.294875868708168,TRANSITION,False,False
2023-12-31,NZDNOK,NZD,NOK,24.18961941229008,-8.755367446013572,TRANSITION,False,False
2023-12-31,NOKSEK,NOK,SEK,-9.554259047753327,20.841441389308958,TRANSITION,False,False
2023-12-31,USDNOK,USD,NOK,-22.661546997741468,-13.186951082558352,BASE_DOVISH,True,False
2023-12-31,NZDSEK,NZD,SEK,14.635360364536755,12.086073943295386,BASE_HAWKISH,True,False
2023-12-31,NZDUSD,NZD,USD,46.85116641003155,4.431583636544779,BASE_HAWKISH,True,False
2023-12-31,USDSEK,USD,SEK,-32.215806045494794,7.654490306750606,TRANSITION,False,False
2024-01-31,AUDCAD,AUD,CAD,72.8663484088762,-0.8471209715284758,TRANSITION,False,False
2024-01-31,AUDCHF,AUD,CHF,28.671196269436265,-7.623505785682703,TRANSITION,False,False
2024-01-31,AUDNOK,AUD,NOK,45.22878619926977,-13.93490388834632,TRANSITION,False,False
2024-01-31,AUDNZD,AUD,NZD,34.64357310323819,-0.3304975720878218,TRANSITION,False,False
2024-01-31,AUDSEK,AUD,SEK,58.364959509999125,8.755528470136362,BASE_HAWKISH,True,False
2024-01-31,AUDUSD,AUD,USD,79.14074512691512,-2.684491958442436,TRANSITION,False,False
2024-01-31,CADCHF,CAD,CHF,-44.19515213943994,-6.776384814154227,BASE_DOVISH,True,False
2024-01-31,CADNOK,CAD,NOK,-27.637562209606436,-13.087782916817844,BASE_DOVISH,True,False
2024-01-31,NZDCAD,NZD,CAD,38.222775305638024,-0.5166233994406539,TRANSITION,False,False
2024-01-31,CADSEK,CAD,SEK,-14.501388898877082,9.602649441664838,TRANSITION,False,False
2024-01-31,USDCAD,USD,CAD,-6.274396718038915,1.8373709869139603,TRANSITION,False,False
2024-01-31,CHFNOK,CHF,NOK,16.557589929833508,-6.311398102663617,TRANSITION,False,False
2024-01-31,NZDCHF,NZD,CHF,-5.972376833801924,-7.293008213594881,BASE_DOVISH,True,False
2024-01-31,CHFSEK,CHF,SEK,29.693763240562863,16.379034255819064,BASE_HAWKISH,True,False
2024-01-31,USDCHF,USD,CHF,-50.469548857478856,-4.939013827240267,BASE_DOVISH,True,False
2024-01-31,NZDNOK,NZD,NOK,10.585213096031584,-13.604406316258498,TRANSITION,False,False
2024-01-31,NOKSEK,NOK,SEK,13.136173310729355,22.69043235848268,BASE_HAWKISH,True,False
2024-01-31,USDNOK,USD,NOK,-33.91195892764535,-11.250411929903883,BASE_DOVISH,True,False
2024-01-31,NZDSEK,NZD,SEK,23.72138640676094,9.086026042224184,BASE_HAWKISH,True,False
2024-01-31,NZDUSD,NZD,USD,44.49717202367694,-2.353994386354614,TRANSITION,False,False
2024-01-31,USDSEK,USD,SEK,-20.775785616915996,11.440020428578798,TRANSITION,False,False
2024-02-29,AUDCAD,AUD,CAD,45.4919394998997,-27.37440890897651,TRANSITION,False,False
2024-02-29,AUDCHF,AUD,CHF,13.264902503634168,-15.406293765802097,TRANSITION,False,False
2024-02-29,GBPAUD,GBP,AUD,-47.35947881422293,27.568689897192446,TRANSITION,False,False
2024-02-29,AUDNOK,AUD,NOK,23.15934285673373,-22.069443342536044,TRANSITION,False,False
2024-02-29,AUDNZD,AUD,NZD,17.54374733572451,-17.099825767513675,TRANSITION,False,False
2024-02-29,AUDSEK,AUD,SEK,35.98924728214214,-22.375712227856987,TRANSITION,False,False
2024-02-29,AUDUSD,AUD,USD,49.454739719804586,-29.68600540711054,TRANSITION,False,False
2024-02-29,CADCHF,CAD,CHF,-32.22703699626553,11.968115143174412,TRANSITION,False,False
2024-02-29,GBPCAD,GBP,CAD,-1.8675393143232313,0.19428098821593665,TRANSITION,False,False
2024-02-29,CADNOK,CAD,NOK,-22.33259664316597,5.304965566440465,TRANSITION,False,False
2024-02-29,NZDCAD,NZD,CAD,27.948192164175186,-10.274583141462834,TRANSITION,False,False
2024-02-29,CADSEK,CAD,SEK,-9.50269221775756,4.998696681119522,TRANSITION,False,False
2024-02-29,USDCAD,USD,CAD,-3.962800219904885,2.31159649813403,TRANSITION,False,False
2024-02-29,GBPCHF,GBP,CHF,-34.094576310588764,12.162396131390349,TRANSITION,False,False
2024-02-29,CHFNOK,CHF,NOK,9.894440353099561,-6.663149576733947,TRANSITION,False,False
2024-02-29,NZDCHF,NZD,CHF,-4.278844832090345,1.6935320017115778,TRANSITION,False,False
2024-02-29,CHFSEK,CHF,SEK,22.724344778507973,-6.96941846205489,TRANSITION,False,False
2024-02-29,USDCHF,USD,CHF,-36.18983721617042,14.279711641308442,TRANSITION,False,False
2024-02-29,GBPNOK,GBP,NOK,-24.200135957489202,5.499246554656402,TRANSITION,False,False
2024-02-29,GBPNZD,GBP,NZD,-29.815731478498417,10.46886412967877,TRANSITION,False,False
2024-02-29,GBPSEK,GBP,SEK,-11.37023153208079,5.192977669335459,TRANSITION,False,False
2024-02-29,GBPUSD,GBP,USD,2.095260905581654,-2.117315509918093,TRANSITION,False,False
2024-02-29,NZDNOK,NZD,NOK,5.615595521009217,-4.969617575022369,TRANSITION,False,False
2024-02-29,NOKSEK,NOK,SEK,12.82990442540841,-0.306268885320943,TRANSITION,False,False
2024-02-29,USDNOK,USD,NOK,-26.295396863070856,7.616562064574495,TRANSITION,False,False
2024-02-29,NZDSEK,NZD,SEK,18.445499946417627,-5.275886460343312,TRANSITION,False,False
2024-02-29,NZDUSD,NZD,USD,31.91099238408007,-12.586179639596864,TRANSITION,False,False
2024-02-29,USDSEK,USD,SEK,-13.465492437662444,7.310293179253552,TRANSITION,False,False
2024-03-31,AUDCAD,AUD,CAD,44.99190569753089,-0.500033802368808,TRANSITION,False,False
2024-03-31,AUDCHF,AUD,CHF,22.056128969644586,8.791226466010418,BASE_HAWKISH,True,False
2024-03-31,AUDNOK,AUD,NOK,35.27037665431977,12.11103379758604,BASE_HAWKISH,True,False
2024-03-31,AUDNZD,AUD,NZD,17.33819072994332,-0.20555660578119017,TRANSITION,False,False
2024-03-31,AUDSEK,AUD,SEK,36.00390672051392,0.014659438371779743,BASE_HAWKISH,True,False
2024-03-31,AUDUSD,AUD,USD,48.76379508420599,-0.6909446355985942,TRANSITION,False,False
2024-03-31,CADCHF,CAD,CHF,-22.935776727886307,9.291260268379226,TRANSITION,False,False
2024-03-31,CADNOK,CAD,NOK,-9.72152904321112,12.611067599954849,TRANSITION,False,False
2024-03-31,NZDCAD,NZD,CAD,27.653714967587568,-0.29447719658761784,TRANSITION,False,False
2024-03-31,CADSEK,CAD,SEK,-8.987998977016971,0.5146932407405878,TRANSITION,False,False
2024-03-31,USDCAD,USD,CAD,-3.771889386675099,0.1909108332297862,TRANSITION,False,False
2024-03-31,CHFNOK,CHF,NOK,13.214247684675184,3.319807331575623,BASE_HAWKISH,True,False
2024-03-31,NZDCHF,NZD,CHF,4.7179382397012635,8.996783071791608,BASE_HAWKISH,True,False
2024-03-31,CHFSEK,CHF,SEK,13.947777750869333,-8.776567027638638,TRANSITION,False,False
2024-03-31,USDCHF,USD,CHF,-26.707666114561405,9.482171101609012,TRANSITION,False,False
2024-03-31,NZDNOK,NZD,NOK,17.932185924376448,12.31659040336723,BASE_HAWKISH,True,False
2024-03-31,NOKSEK,NOK,SEK,0.7335300661941488,-12.096374359214261,TRANSITION,False,False
2024-03-31,USDNOK,USD,NOK,-13.49341842988622,12.801978433184635,TRANSITION,False,False
2024-03-31,NZDSEK,NZD,SEK,18.665715990570597,0.22021604415296991,BASE_HAWKISH,True,False
2024-03-31,NZDUSD,NZD,USD,31.425604354262667,-0.48538802981740403,TRANSITION,False,False
2024-03-31,USDSEK,USD,SEK,-12.75988836369207,0.705604073970374,TRANSITION,False,False
2024-04-30,CADCHF,CAD,CHF,-21.88615049636384,1.0496262315224634,TRANSITION,False,False
2024-04-30,CADNOK,CAD,NOK,-9.624741749514275,0.09678729369684547,TRANSITION,False,False
2024-04-30,CADSEK,CAD,SEK,-8.785996535399793,0.20200244161717862,TRANSITION,False,False
2024-04-30,USDCAD,USD,CAD,-3.4914718534635227,0.28041753321157614,TRANSITION,False,False
2024-04-30,CHFNOK,CHF,NOK,12.261408746849566,-0.9528389378256179,TRANSITION,False,False
2024-04-30,CHFSEK,CHF,SEK,13.100153960964048,-0.8476237899052848,TRANSITION,False,False
2024-04-30,USDCHF,USD,CHF,-25.377622349827362,1.3300437647340395,TRANSITION,False,False
2024-04-30,NOKSEK,NOK,SEK,0.838745214114482,0.10521514792033315,BASE_HAWKISH,True,False
2024-04-30,USDNOK,USD,NOK,-13.116213602977798,0.3772048269084216,TRANSITION,False,False
2024-04-30,USDSEK,USD,SEK,-12.277468388863316,0.48241997482875476,TRANSITION,False,False
2024-05-31,CADCHF,CAD,CHF,-16.99010175843551,4.89604873792833,TRANSITION,False,False
2024-05-31,GBPCAD,GBP,CAD,-2.452838896982982,-0.49342835321849066,BASE_DOVISH,True,False
2024-05-31,CADNOK,CAD,NOK,4.187897157679075,13.81263890719335,BASE_HAWKISH,True,False
2024-05-31,CADSEK,CAD,SEK,12.43554850624227,21.221545041642063,BASE_HAWKISH,True,False
2024-05-31,USDCAD,USD,CAD,2.9611316298918027,6.452603483355325,BASE_HAWKISH,True,False
2024-05-31,GBPCHF,GBP,CHF,-19.442940655418493,4.40262038470984,TRANSITION,False,False
2024-05-31,CHFNOK,CHF,NOK,21.177998916114586,8.91659016926502,BASE_HAWKISH,True,False
2024-05-31,CHFSEK,CHF,SEK,29.42565026467778,16.325496303713734,BASE_HAWKISH,True,False
2024-05-31,USDCHF,USD,CHF,-14.028970128543708,11.348652221283656,TRANSITION,False,False
2024-05-31,GBPNOK,GBP,NOK,1.7350582606960927,13.319210553974859,BASE_HAWKISH,True,False
2024-05-31,GBPSEK,GBP,SEK,9.982709609259288,20.728116688423572,BASE_HAWKISH,True,False
2024-05-31,GBPUSD,GBP,USD,-5.413970526874785,-6.946031836573816,BASE_DOVISH,True,False
2024-05-31,NOKSEK,NOK,SEK,8.247651348563195,7.4089061344487135,BASE_HAWKISH,True,False
2024-05-31,USDNOK,USD,NOK,7.149028787570877,20.265242390548675,BASE_HAWKISH,True,False
2024-05-31,USDSEK,USD,SEK,15.396680136134073,27.67414852499739,BASE_HAWKISH,True,False
2024-06-30,AUDCAD,AUD,CAD,32.756239883994716,11.54414509181792,BASE_HAWKISH,True,False
2024-06-30,AUDCHF,AUD,CHF,0.35236709721509385,-3.869625936526191,TRANSITION,False,False
2024-06-30,GBPAUD,GBP,AUD,-33.97137291487611,-10.306439225716336,BASE_DOVISH,True,False
2024-06-30,AUDNOK,AUD,NOK,34.6627462739748,9.262754324118927,BASE_HAWKISH,True,False
2024-06-30,AUDNZD,AUD,NZD,10.970534740201991,-0.38085762957538805,TRANSITION,False,False
2024-06-30,AUDSEK,AUD,SEK,35.50258045020369,1.8549371517846218,BASE_HAWKISH,True,False
2024-06-30,AUDUSD,AUD,USD,18.999514651851676,0.7485514895666832,BASE_HAWKISH,True,False
2024-06-30,CADCHF,CAD,CHF,-32.40387278677962,-15.413771028344112,BASE_DOVISH,True,False
2024-06-30,GBPCAD,GBP,CAD,-1.2151330308813968,1.2377058661015852,TRANSITION,False,False
2024-06-30,CADNOK,CAD,NOK,1.9065063899800805,-2.281390767698994,TRANSITION,False,False
2024-06-30,NZDCAD,NZD,CAD,21.785705143792725,11.925002721393309,BASE_HAWKISH,True,False
2024-06-30,CADSEK,CAD,SEK,2.7463405662089713,-9.689207940033299,TRANSITION,False,False
2024-06-30,USDCAD,USD,CAD,13.75672523214304,10.795593602251238,BASE_HAWKISH,True,False
2024-06-30,GBPCHF,GBP,CHF,-33.61900581766102,-14.176065162242526,BASE_DOVISH,True,False
2024-06-30,CHFNOK,CHF,NOK,34.3103791767597,13.132380260645117,BASE_HAWKISH,True,False
2024-06-30,NZDCHF,NZD,CHF,-10.618167642986897,-3.488768306950803,BASE_DOVISH,True,False
2024-06-30,CHFSEK,CHF,SEK,35.150213352988594,5.724563088310813,BASE_HAWKISH,True,False
2024-06-30,USDCHF,USD,CHF,-18.647147554636582,-4.618177426092874,BASE_DOVISH,True,False
2024-06-30,GBPNOK,GBP,NOK,0.6913733590986837,-1.043684901597409,TRANSITION,False,False
2024-06-30,GBPNZD,GBP,NZD,-23.000838174674122,-10.687296855291724,BASE_DOVISH,True,False
2024-06-30,GBPSEK,GBP,SEK,1.5312075353275745,-8.451502073931714,TRANSITION,False,False
2024-06-30,GBPUSD,GBP,USD,-14.971858263024437,-9.557887736149652,BASE_DOVISH,True,False
2024-06-30,NZDNOK,NZD,NOK,23.692211533772806,9.643611953694315,BASE_HAWKISH,True,False
2024-06-30,NOKSEK,NOK,SEK,0.8398341762288908,-7.407817172334305,TRANSITION,False,False
2024-06-30,USDNOK,USD,NOK,15.66323162212312,8.514202834552243,BASE_HAWKISH,True,False
2024-06-30,NZDSEK,NZD,SEK,24.532045710001697,2.23579478136001,BASE_HAWKISH,True,False
2024-06-30,NZDUSD,NZD,USD,8.028979911649685,1.1294091191420712,BASE_HAWKISH,True,False
2024-06-30,USDSEK,USD,SEK,16.50306579835201,1.1063856622179387,BASE_HAWKISH,True,False
2024-07-31,AUDCAD,AUD,CAD,37.055385672760096,4.299145788765383,BASE_HAWKISH,True,False
2024-07-31,AUDCHF,AUD,CHF,2.2310931299616676,1.8787260327465738,BASE_HAWKISH,True,False
2024-07-31,GBPAUD,GBP,AUD,-35.41804392350362,-1.4466710086275008,BASE_DOVISH,True,False
2024-07-31,AUDNOK,AUD,NOK,40.794415572646386,6.131669298671593,BASE_HAWKISH,True,False
2024-07-31,AUDNZD,AUD,NZD,10.569450340705774,-0.40108439949621655,TRANSITION,False,False
2024-07-31,AUDSEK,AUD,SEK,47.20291309540852,11.700332645204828,BASE_HAWKISH,True,False
2024-07-31,AUDUSD,AUD,USD,24.02233817778536,5.022823525933685,BASE_HAWKISH,True,False
2024-07-31,CADCHF,CAD,CHF,-34.82429254279843,-2.420419756018809,BASE_DOVISH,True,False
2024-07-31,GBPCAD,GBP,CAD,1.6373417492564855,2.8524747801378822,BASE_HAWKISH,True,False
2024-07-31,CADNOK,CAD,NOK,3.7390298998862903,1.8325235099062098,BASE_HAWKISH,True,False
2024-07-31,NZDCAD,NZD,CAD,26.485935332054325,4.7002301882615996,BASE_HAWKISH,True,False
2024-07-31,CADSEK,CAD,SEK,10.147527422648416,7.401186856439445,BASE_HAWKISH,True,False
2024-07-31,USDCAD,USD,CAD,13.033047494974738,-0.7236777371683019,TRANSITION,False,False
2024-07-31,GBPCHF,GBP,CHF,-33.186950793541946,0.43205502411907304,TRANSITION,False,False
2024-07-31,CHFNOK,CHF,NOK,38.56332244268472,4.252943265925019,BASE_HAWKISH,True,False
2024-07-31,NZDCHF,NZD,CHF,-8.338357210744107,2.2798104322427903,TRANSITION,False,False
2024-07-31,CHFSEK,CHF,SEK,44.97181996544685,9.821606612458254,BASE_HAWKISH,True,False
2024-07-31,USDCHF,USD,CHF,-21.791245047823693,-3.144097493187111,BASE_DOVISH,True,False
2024-07-31,GBPNOK,GBP,NOK,5.376371649142776,4.684998290044092,BASE_HAWKISH,True,False
2024-07-31,GBPNZD,GBP,NZD,-24.84859358279784,-1.8477554081237173,BASE_DOVISH,True,False
2024-07-31,GBPSEK,GBP,SEK,11.784869171904901,10.253661636577327,BASE_HAWKISH,True,False
2024-07-31,GBPUSD,GBP,USD,-11.395705745718253,3.576152517306184,TRANSITION,False,False
2024-07-31,NZDNOK,NZD,NOK,30.224965231940615,6.532753698167809,BASE_HAWKISH,True,False
2024-07-31,NOKSEK,NOK,SEK,6.408497522762126,5.568663346533235,BASE_HAWKISH,True,False
2024-07-31,USDNOK,USD,NOK,16.77207739486103,1.108845772737908,BASE_HAWKISH,True,False
2024-07-31,NZDSEK,NZD,SEK,36.63346275470274,12.101417044701044,BASE_HAWKISH,True,False
2024-07-31,NZDUSD,NZD,USD,13.452887837079587,5.423907925429901,BASE_HAWKISH,True,False
2024-07-31,USDSEK,USD,SEK,23.180574917623154,6.677509119271143,BASE_HAWKISH,True,False
2024-08-31,AUDCAD,AUD,CAD,43.45381516099167,6.398429488231569,BASE_HAWKISH,True,False
2024-08-31,AUDCHF,AUD,CHF,6.933614237157004,4.702521107195336,BASE_HAWKISH,True,False
2024-08-31,GBPAUD,GBP,AUD,-46.330299791294365,-10.912255867790753,BASE_DOVISH,True,False
2024-08-31,AUDNOK,AUD,NOK,40.99166371927868,0.19724814663228862,BASE_HAWKISH,True,False
2024-08-31,AUDNZD,AUD,NZD,32.736539776635915,22.167089435930144,BASE_HAWKISH,True,False
2024-08-31,AUDSEK,AUD,SEK,46.090938870104885,-1.1119742253036282,TRANSITION,False,False
2024-08-31,AUDUSD,AUD,USD,27.557916469763917,3.535578291978558,BASE_HAWKISH,True,False
2024-08-31,CADCHF,CAD,CHF,-36.520200923834665,-1.695908381036233,BASE_DOVISH,True,False
2024-08-31,GBPCAD,GBP,CAD,-2.8764846303026985,-4.513826379559184,BASE_DOVISH,True,False
2024-08-31,CADNOK,CAD,NOK,-2.46215144171299,-6.2011813415992805,BASE_DOVISH,True,False
2024-08-31,NZDCAD,NZD,CAD,10.717275384355752,-15.768659947698573,TRANSITION,False,False
2024-08-31,CADSEK,CAD,SEK,2.6371237091132187,-7.510403713535197,TRANSITION,False,False
2024-08-31,USDCAD,USD,CAD,15.89589869122775,2.862851196253011,BASE_HAWKISH,True,False
2024-08-31,GBPCHF,GBP,CHF,-39.39668555413736,-6.209734760595417,BASE_DOVISH,True,False
2024-08-31,CHFNOK,CHF,NOK,34.058049482121675,-4.5052729605630475,TRANSITION,False,False
2024-08-31,NZDCHF,NZD,CHF,-25.802925539478913,-17.464568328734806,BASE_DOVISH,True,False
2024-08-31,CHFSEK,CHF,SEK,39.15732463294788,-5.814495332498964,TRANSITION,False,False
2024-08-31,USDCHF,USD,CHF,-20.624302232606915,1.1669428152167782,TRANSITION,False,False
2024-08-31,GBPNOK,GBP,NOK,-5.338636072015689,-10.715007721158464,BASE_DOVISH,True,False
2024-08-31,GBPNZD,GBP,NZD,-13.59376001465845,11.25483356813939,TRANSITION,False,False
2024-08-31,GBPSEK,GBP,SEK,-0.23936092118947982,-12.024230093094381,BASE_DOVISH,True,False
2024-08-31,GBPUSD,GBP,USD,-18.772383321530448,-7.376677575812195,BASE_DOVISH,True,False
2024-08-31,NZDNOK,NZD,NOK,8.255123942642761,-21.969841289297854,TRANSITION,False,False
2024-08-31,NOKSEK,NOK,SEK,5.099275150826209,-1.3092223719359168,TRANSITION,False,False
2024-08-31,USDNOK,USD,NOK,13.43374724951476,-3.3383301453462693,TRANSITION,False,False
2024-08-31,NZDSEK,NZD,SEK,13.35439909346897,-23.27906366123377,TRANSITION,False,False
2024-08-31,NZDUSD,NZD,USD,-5.178623306871998,-18.631511143951585,BASE_DOVISH,True,False
2024-08-31,USDSEK,USD,SEK,18.53302240034097,-4.647552517282186,TRANSITION,False,False
2024-09-30,AUDCAD,AUD,CAD,42.36179840880702,-1.0920167521846498,TRANSITION,False,False
2024-09-30,AUDCHF,AUD,CHF,8.668650603383508,1.7350363662265043,BASE_HAWKISH,True,False
2024-09-30,GBPAUD,GBP,AUD,-42.30561599541461,4.0246837958797546,TRANSITION,False,False
2024-09-30,AUDNOK,AUD,NOK,42.62848873602886,1.636825016750178,BASE_HAWKISH,True,False
2024-09-30,AUDNZD,AUD,NZD,33.056422187724955,0.31988241108903814,BASE_HAWKISH,True,False
2024-09-30,AUDSEK,AUD,SEK,53.12985337288323,7.038914502778345,BASE_HAWKISH,True,False
2024-09-30,AUDUSD,AUD,USD,48.98951563251586,21.431599162751944,BASE_HAWKISH,True,False
2024-09-30,CADCHF,CAD,CHF,-33.69314780542351,2.827053118411154,TRANSITION,False,False
2024-09-30,GBPCAD,GBP,CAD,0.05618241339240626,2.932667043695105,BASE_HAWKISH,True,False
2024-09-30,CADNOK,CAD,NOK,0.2666903272218377,2.728841768934828,BASE_HAWKISH,True,False
2024-09-30,NZDCAD,NZD,CAD,9.305376221082064,-1.411899163273688,TRANSITION,False,False
2024-09-30,CADSEK,CAD,SEK,10.768054964076214,8.130931254962995,BASE_HAWKISH,True,False
2024-09-30,USDCAD,USD,CAD,-6.627717223708842,-22.52361591493659,BASE_DOVISH,True,False
2024-09-30,GBPCHF,GBP,CHF,-33.6369653920311,5.759720162106259,TRANSITION,False,False
2024-09-30,CHFNOK,CHF,NOK,33.959838132645345,-0.09821134947632615,TRANSITION,False,False
2024-09-30,NZDCHF,NZD,CHF,-24.387771584341447,1.4151539551374661,TRANSITION,False,False
2024-09-30,CHFSEK,CHF,SEK,44.46120276949972,5.303878136551841,BASE_HAWKISH,True,False
2024-09-30,USDCHF,USD,CHF,-40.32086502913235,-19.696562796525438,BASE_DOVISH,True,False
2024-09-30,GBPNOK,GBP,NOK,0.322872740614244,5.661508812629933,BASE_HAWKISH,True,False
2024-09-30,GBPNZD,GBP,NZD,-9.249193807689657,4.344566206968793,TRANSITION,False,False
2024-09-30,GBPSEK,GBP,SEK,10.82423737746862,11.0635982986581,BASE_HAWKISH,True,False
2024-09-30,GBPUSD,GBP,USD,6.6838996371012485,25.456282958631697,BASE_HAWKISH,True,False
2024-09-30,NZDNOK,NZD,NOK,9.572066548303901,1.31694260566114,BASE_HAWKISH,True,False
2024-09-30,NOKSEK,NOK,SEK,10.501364636854376,5.402089486028167,BASE_HAWKISH,True,False
2024-09-30,USDNOK,USD,NOK,-6.3610268964870045,-19.794774146001764,BASE_DOVISH,True,False
2024-09-30,NZDSEK,NZD,SEK,20.073431185158277,6.719032091689307,BASE_HAWKISH,True,False
2024-09-30,NZDUSD,NZD,USD,15.933093444790906,21.111716751662904,BASE_HAWKISH,True,False
2024-09-30,USDSEK,USD,SEK,4.140337740367372,-14.392684659973597,TRANSITION,False,False
2024-10-31,AUDCAD,AUD,CAD,58.67006162886352,16.3082632200565,BASE_HAWKISH,True,False
2024-10-31,AUDCHF,AUD,CHF,13.972359768944884,5.303709165561376,BASE_HAWKISH,True,False
2024-10-31,GBPAUD,GBP,AUD,-41.797986098584346,0.5076298968302702,TRANSITION,False,False
2024-10-31,AUDNOK,AUD,NOK,35.82540401894717,-6.803084717081685,TRANSITION,False,False
2024-10-31,AUDNZD,AUD,NZD,50.53705605223362,17.480633864508665,BASE_HAWKISH,True,False
2024-10-31,AUDSEK,AUD,SEK,62.51048405996514,9.3806306870819,BASE_HAWKISH,True,False
2024-10-31,AUDUSD,AUD,USD,50.05023645895952,1.060720826443653,BASE_HAWKISH,True,False
2024-10-31,CADCHF,CAD,CHF,-44.69770185991864,-11.004554054495124,BASE_DOVISH,True,False
2024-10-31,GBPCAD,GBP,CAD,16.872075530279176,16.81589311688677,BASE_HAWKISH,True,False
2024-10-31,CADNOK,CAD,NOK,-22.844657609916347,-23.111347937138184,BASE_DOVISH,True,False
2024-10-31,NZDCAD,NZD,CAD,8.133005576629898,-1.1723706444521653,TRANSITION,False,False
2024-10-31,CADSEK,CAD,SEK,3.840422431101615,-6.927632532974599,TRANSITION,False,False
2024-10-31,USDCAD,USD,CAD,8.619825169904004,15.247542393612846,BASE_HAWKISH,True,False
2024-10-31,GBPCHF,GBP,CHF,-27.82562632963946,5.811339062391646,TRANSITION,False,False
2024-10-31,CHFNOK,CHF,NOK,21.853044250002288,-12.10679388264306,TRANSITION,False,False
2024-10-31,NZDCHF,NZD,CHF,-36.56469628328874,-12.176924698947289,BASE_DOVISH,True,False
2024-10-31,CHFSEK,CHF,SEK,48.53812429102025,4.076921521520525,BASE_HAWKISH,True,False
2024-10-31,USDCHF,USD,CHF,-36.077876690014634,4.242988339117723,TRANSITION,False,False
2024-10-31,GBPNOK,GBP,NOK,-5.972582079637171,-6.295454820251415,BASE_DOVISH,True,False
2024-10-31,GBPNZD,GBP,NZD,8.739069953649278,17.988263761338935,BASE_HAWKISH,True,False
2024-10-31,GBPSEK,GBP,SEK,20.71249796138079,9.88826058391217,BASE_HAWKISH,True,False
2024-10-31,GBPUSD,GBP,USD,8.252250360375172,1.568350723273923,BASE_HAWKISH,True,False
2024-10-31,NZDNOK,NZD,NOK,-14.711652033286448,-24.28371858159035,BASE_DOVISH,True,False
2024-10-31,NOKSEK,NOK,SEK,26.68508004101796,16.183715404163586,BASE_HAWKISH,True,False
2024-10-31,USDNOK,USD,NOK,-14.224832440012342,-7.863805543525338,BASE_DOVISH,True,False
2024-10-31,NZDSEK,NZD,SEK,11.973428007731513,-8.100003177426764,TRANSITION,False,False
2024-10-31,NZDUSD,NZD,USD,-0.48681959327410596,-16.419913038065012,BASE_DOVISH,True,False
2024-10-31,USDSEK,USD,SEK,12.46024760100562,8.319909860638248,BASE_HAWKISH,True,False
2024-11-30,AUDCAD,AUD,CAD,49.84588857187982,-8.8241730569837,TRANSITION,False,False
2024-11-30,AUDCHF,AUD,CHF,3.5185091950455387,-10.453850573899345,TRANSITION,False,False
2024-11-30,GBPAUD,GBP,AUD,-30.690142282435133,11.10784381614921,TRANSITION,False,False
2024-11-30,AUDNOK,AUD,NOK,27.28695265816871,-8.538451360778463,TRANSITION,False,False
2024-11-30,AUDNZD,AUD,NZD,57.00460827969544,6.46755222746182,BASE_HAWKISH,True,False
2024-11-30,AUDSEK,AUD,SEK,55.627315657138574,-6.883168402826559,TRANSITION,False,False
2024-11-30,AUDUSD,AUD,USD,42.34191814543389,-7.708318313525627,TRANSITION,False,False
2024-11-30,CADCHF,CAD,CHF,-46.32737937683428,-1.6296775169156454,BASE_DOVISH,True,False
2024-11-30,GBPCAD,GBP,CAD,19.155746289444686,2.28367075916551,BASE_HAWKISH,True,False
2024-11-30,CADNOK,CAD,NOK,-22.55893591371111,0.28572169620523624,TRANSITION,False,False
2024-11-30,NZDCAD,NZD,CAD,-7.158719707815621,-15.29172528444552,BASE_DOVISH,True,False
2024-11-30,CADSEK,CAD,SEK,5.7814270852587555,1.9410046541571404,BASE_HAWKISH,True,False
2024-11-30,USDCAD,USD,CAD,7.503970426445932,-1.1158547434580726,TRANSITION,False,False
2024-11-30,GBPCHF,GBP,CHF,-27.171633087389594,0.6539932422498644,TRANSITION,False,False
2024-11-30,CHFNOK,CHF,NOK,23.76844346312317,1.9153992131208817,BASE_HAWKISH,True,False
2024-11-30,NZDCHF,NZD,CHF,-53.4860990846499,-16.921402801361165,BASE_DOVISH,True,False
2024-11-30,CHFSEK,CHF,SEK,52.108806462093035,3.570682171072786,BASE_HAWKISH,True,False
2024-11-30,USDCHF,USD,CHF,-38.82340895038835,-2.745532260373718,BASE_DOVISH,True,False
2024-11-30,GBPNOK,GBP,NOK,-3.4031896242664246,2.569392455370746,TRANSITION,False,False
2024-11-30,GBPNZD,GBP,NZD,26.314465997260307,17.57539604361103,BASE_HAWKISH,True,False
2024-11-30,GBPSEK,GBP,SEK,24.93717337470344,4.22467541332265,BASE_HAWKISH,True,False
2024-11-30,GBPUSD,GBP,USD,11.651775862998754,3.3995255026235824,BASE_HAWKISH,True,False
2024-11-30,NZDNOK,NZD,NOK,-29.71765562152673,-15.006003588240283,BASE_DOVISH,True,False
2024-11-30,NOKSEK,NOK,SEK,28.340362998969866,1.6552829579519042,BASE_HAWKISH,True,False
2024-11-30,USDNOK,USD,NOK,-15.054965487265179,-0.8301330472528363,BASE_DOVISH,True,False
2024-11-30,NZDSEK,NZD,SEK,-1.3772926225568654,-13.350720630288379,BASE_DOVISH,True,False
2024-11-30,NZDUSD,NZD,USD,-14.662690134261553,-14.175870540987447,BASE_DOVISH,True,False
2024-11-30,USDSEK,USD,SEK,13.285397511704687,0.8251499106990678,BASE_HAWKISH,True,False
2024-12-31,AUDCAD,AUD,CAD,49.92533407020332,0.07944549832350134,BASE_HAWKISH,True,False
2024-12-31,AUDCHF,AUD,CHF,6.4397669181938255,2.921257723148287,BASE_HAWKISH,True,False
2024-12-31,GBPAUD,GBP,AUD,-23.337672527550758,7.352469754884375,TRANSITION,False,False
2024-12-31,AUDNOK,AUD,NOK,30.583942921827912,3.296990263659204,BASE_HAWKISH,True,False
2024-12-31,AUDNZD,AUD,NZD,58.93803020443819,1.9334219247427527,BASE_HAWKISH,True,False
2024-12-31,AUDSEK,AUD,SEK,56.730543076092914,1.10322741895434,BASE_HAWKISH,True,False
2024-12-31,AUDUSD,AUD,USD,25.27317519325365,-17.068742952180237,TRANSITION,False,False
2024-12-31,CADCHF,CAD,CHF,-43.485567152009494,2.8418122248247855,TRANSITION,False,False
2024-12-31,GBPCAD,GBP,CAD,26.58766154265256,7.431915253207876,BASE_HAWKISH,True,False
2024-12-31,CADNOK,CAD,NOK,-19.341391148375408,3.2175447653357026,TRANSITION,False,False
2024-12-31,NZDCAD,NZD,CAD,-9.012696134234872,-1.8539764264192513,BASE_DOVISH,True,False
2024-12-31,CADSEK,CAD,SEK,6.805209005889594,1.0237819206308387,BASE_HAWKISH,True,False
2024-12-31,USDCAD,USD,CAD,24.65215887694967,17.14818845050374,BASE_HAWKISH,True,False
2024-12-31,GBPCHF,GBP,CHF,-16.897905609356933,10.273727478032662,TRANSITION,False,False
2024-12-31,CHFNOK,CHF,NOK,24.144176003634087,0.3757325405109171,BASE_HAWKISH,True,False
2024-12-31,NZDCHF,NZD,CHF,-52.49826328624437,0.9878357984055341,TRANSITION,False,False
2024-12-31,CHFSEK,CHF,SEK,50.29077615789909,-1.8180303041939467,TRANSITION,False,False
2024-12-31,USDCHF,USD,CHF,-18.833408275059824,19.990000675328524,TRANSITION,False,False
2024-12-31,GBPNOK,GBP,NOK,7.246270394277154,10.649460018543579,BASE_HAWKISH,True,False
2024-12-31,GBPNZD,GBP,NZD,35.600357676887434,9.285891679627127,BASE_HAWKISH,True,False
2024-12-31,GBPSEK,GBP,SEK,33.392870548542156,8.455697173838715,BASE_HAWKISH,True,False
2024-12-31,GBPUSD,GBP,USD,1.9355026657028915,-9.716273197295862,TRANSITION,False,False
2024-12-31,NZDNOK,NZD,NOK,-28.35408728261028,1.3635683389164512,TRANSITION,False,False
2024-12-31,NOKSEK,NOK,SEK,26.146600154265002,-2.193762844704864,TRANSITION,False,False
2024-12-31,USDNOK,USD,NOK,5.3107677285742625,20.36573321583944,BASE_HAWKISH,True,False
2024-12-31,NZDSEK,NZD,SEK,-2.207487128345278,-0.8301945057884126,BASE_DOVISH,True,False
2024-12-31,NZDUSD,NZD,USD,-33.66485501118454,-19.00216487692299,BASE_DOVISH,True,False
2024-12-31,USDSEK,USD,SEK,31.457367882839264,18.171970371134577,BASE_HAWKISH,True,False
2025-01-31,AUDCAD,AUD,CAD,36.575364444476904,-13.349969625726416,TRANSITION,False,False
2025-01-31,AUDCHF,AUD,CHF,9.850009584453254,3.4102426662594283,BASE_HAWKISH,True,False
2025-01-31,GBPAUD,GBP,AUD,-20.08796781261271,3.249704714938048,TRANSITION,False,False
2025-01-31,AUDNOK,AUD,NOK,32.8785641510424,2.294621229214485,BASE_HAWKISH,True,False
2025-01-31,AUDNZD,AUD,NZD,34.35459148984299,-24.583438714595204,TRANSITION,False,False
2025-01-31,AUDSEK,AUD,SEK,54.04974635037456,-2.680796725718352,TRANSITION,False,False
2025-01-31,AUDUSD,AUD,USD,26.712915293537634,1.4397401002839842,BASE_HAWKISH,True,False
2025-01-31,CADCHF,CAD,CHF,-26.72535486002365,16.760212291985845,TRANSITION,False,False
2025-01-31,GBPCAD,GBP,CAD,16.487396631864193,-10.100264910788368,TRANSITION,False,False
2025-01-31,CADNOK,CAD,NOK,-3.6968002934345066,15.644590854940901,TRANSITION,False,False
2025-01-31,NZDCAD,NZD,CAD,2.220772954633915,11.233469088868787,BASE_HAWKISH,True,False
2025-01-31,CADSEK,CAD,SEK,17.47438190589766,10.669172900008064,BASE_HAWKISH,True,False
2025-01-31,USDCAD,USD,CAD,9.86244915093927,-14.7897097260104,TRANSITION,False,False
2025-01-31,GBPCHF,GBP,CHF,-10.237958228159457,6.659947381197476,TRANSITION,False,False
2025-01-31,CHFNOK,CHF,NOK,23.028554566589143,-1.1156214370449433,TRANSITION,False,False
2025-01-31,NZDCHF,NZD,CHF,-24.504581905389735,27.993681380854632,TRANSITION,False,False
2025-01-31,CHFSEK,CHF,SEK,44.19973676592131,-6.09103939197778,TRANSITION,False,False
2025-01-31,USDCHF,USD,CHF,-16.86290570908438,1.970502565975444,TRANSITION,False,False
2025-01-31,GBPNOK,GBP,NOK,12.790596338429687,5.544325944152533,BASE_HAWKISH,True,False
2025-01-31,GBPNZD,GBP,NZD,14.266623677230278,-21.333733999657156,TRANSITION,False,False
2025-01-31,GBPSEK,GBP,SEK,33.96177853776185,0.5689079892196958,BASE_HAWKISH,True,False
2025-01-31,GBPUSD,GBP,USD,6.624947480924924,4.689444815222032,BASE_HAWKISH,True,False
2025-01-31,NZDNOK,NZD,NOK,-1.4760273388005913,26.87805994380969,TRANSITION,False,False
2025-01-31,NOKSEK,NOK,SEK,21.171182199332165,-4.975417954932837,TRANSITION,False,False
2025-01-31,USDNOK,USD,NOK,6.165648857504763,0.8548811289305007,BASE_HAWKISH,True,False
2025-01-31,NZDSEK,NZD,SEK,19.695154860531574,21.90264198887685,BASE_HAWKISH,True,False
2025-01-31,NZDUSD,NZD,USD,-7.6416761963053546,26.023178814879188,TRANSITION,False,False
2025-01-31,USDSEK,USD,SEK,27.336831056836928,-4.120536826002336,TRANSITION,False,False
2025-02-28,AUDCAD,AUD,CAD,23.76491054242681,-12.810453902050092,TRANSITION,False,False
2025-02-28,AUDCHF,AUD,CHF,-0.7242582752390163,-10.57426785969227,BASE_DOVISH,True,False
2025-02-28,GBPAUD,GBP,AUD,-0.9340343699384164,19.153933442674294,TRANSITION,False,False
2025-02-28,AUDNOK,AUD,NOK,14.363726169156287,-18.51483798188611,TRANSITION,False,False
2025-02-28,AUDNZD,AUD,NZD,10.193788140705848,-24.16080334913714,TRANSITION,False,False
2025-02-28,AUDSEK,AUD,SEK,29.719548819917726,-24.330197530456836,TRANSITION,False,False
2025-02-28,AUDUSD,AUD,USD,-3.6605300019322584,-30.373445295469892,BASE_DOVISH,True,False
2025-02-28,CADCHF,CAD,CHF,-24.489168817665828,2.236186042357822,TRANSITION,False,False
2025-02-28,GBPCAD,GBP,CAD,22.830876172488395,6.343479540624202,BASE_HAWKISH,True,False
2025-02-28,CADNOK,CAD,NOK,-9.401184373270524,-5.704384079836018,BASE_DOVISH,True,False
2025-02-28,NZDCAD,NZD,CAD,13.571122401720963,11.350349447087048,BASE_HAWKISH,True,False
2025-02-28,CADSEK,CAD,SEK,5.954638277490915,-11.519743628406744,TRANSITION,False,False
2025-02-28,USDCAD,USD,CAD,27.42544054435907,17.5629913934198,BASE_HAWKISH,True,False
2025-02-28,GBPCHF,GBP,CHF,-1.6582926451774327,8.579665582982024,TRANSITION,False,False
2025-02-28,CHFNOK,CHF,NOK,15.087984444395303,-7.94057012219384,TRANSITION,False,False
2025-02-28,NZDCHF,NZD,CHF,-10.918046415944865,13.58653548944487,TRANSITION,False,False
2025-02-28,CHFSEK,CHF,SEK,30.443807095156743,-13.755929670764566,TRANSITION,False,False
2025-02-28,USDCHF,USD,CHF,2.936271726693242,19.799177435777622,BASE_HAWKISH,True,False
2025-02-28,GBPNOK,GBP,NOK,13.42969179921787,0.6390954607881838,BASE_HAWKISH,True,False
2025-02-28,GBPNZD,GBP,NZD,9.259753770767432,-5.006869906462846,TRANSITION,False,False
2025-02-28,GBPSEK,GBP,SEK,28.78551444997931,-5.176264087782542,TRANSITION,False,False
2025-02-28,GBPUSD,GBP,USD,-4.594564371870675,-11.219511852795598,BASE_DOVISH,True,False
2025-02-28,NZDNOK,NZD,NOK,4.169938028450439,5.64596536725103,BASE_HAWKISH,True,False
2025-02-28,NOKSEK,NOK,SEK,15.35582265076144,-5.815359548570726,TRANSITION,False,False
2025-02-28,USDNOK,USD,NOK,18.024256171088545,11.858607313583782,BASE_HAWKISH,True,False
2025-02-28,NZDSEK,NZD,SEK,19.525760679211878,-0.16939418131969575,TRANSITION,False,False
2025-02-28,NZDUSD,NZD,USD,-13.854318142638107,-6.212641946332752,BASE_DOVISH,True,False
2025-02-28,USDSEK,USD,SEK,33.380078821849985,6.0432477650130565,BASE_HAWKISH,True,False
2025-03-31,AUDCAD,AUD,CAD,6.014632514338125,-17.750278028088687,TRANSITION,False,False
2025-03-31,AUDCHF,AUD,CHF,-16.371187659603933,-15.646929384364917,BASE_DOVISH,True,False
2025-03-31,GBPAUD,GBP,AUD,4.8772918581286575,5.811326228067074,BASE_HAWKISH,True,False
2025-03-31,AUDNOK,AUD,NOK,-5.1963127871951045,-19.56003895635139,BASE_DOVISH,True,False
2025-03-31,AUDNZD,AUD,NZD,11.047689619089844,0.853901478383996,BASE_HAWKISH,True,False
2025-03-31,AUDSEK,AUD,SEK,25.660118461323762,-4.059430358593964,TRANSITION,False,False
2025-03-31,AUDUSD,AUD,USD,-15.307860747948737,-11.647330746016479,BASE_DOVISH,True,False
2025-03-31,CADCHF,CAD,CHF,-22.385820173942058,2.10334864372377,TRANSITION,False,False
2025-03-31,GBPCAD,GBP,CAD,10.891924372466782,-11.938951800021613,TRANSITION,False,False
2025-03-31,CADNOK,CAD,NOK,-11.21094530153323,-1.8097609282627047,BASE_DOVISH,True,False
2025-03-31,NZDCAD,NZD,CAD,-5.03305710475172,-18.604179506472683,BASE_DOVISH,True,False
2025-03-31,CADSEK,CAD,SEK,19.645485946985637,13.690847669494723,BASE_HAWKISH,True,False
2025-03-31,USDCAD,USD,CAD,21.322493262286862,-6.102947282072208,TRANSITION,False,False
2025-03-31,GBPCHF,GBP,CHF,-11.493895801475276,-9.835603156297843,BASE_DOVISH,True,False
2025-03-31,CHFNOK,CHF,NOK,11.174874872408829,-3.9131095719864746,TRANSITION,False,False
2025-03-31,NZDCHF,NZD,CHF,-27.418877278693778,-16.500830862748913,BASE_DOVISH,True,False
2025-03-31,CHFSEK,CHF,SEK,42.031306120927695,11.587499025770953,BASE_HAWKISH,True,False
2025-03-31,USDCHF,USD,CHF,-1.0633269116551958,-3.999598638348438,BASE_DOVISH,True,False
2025-03-31,GBPNOK,GBP,NOK,-0.31902092906644697,-13.748712728284318,BASE_DOVISH,True,False
2025-03-31,GBPNZD,GBP,NZD,15.924981477218502,6.66522770645107,BASE_HAWKISH,True,False
2025-03-31,GBPSEK,GBP,SEK,30.53741031945242,1.7518958694731097,BASE_HAWKISH,True,False
2025-03-31,GBPUSD,GBP,USD,-10.43056888982008,-5.836004517949405,BASE_DOVISH,True,False
2025-03-31,NZDNOK,NZD,NOK,-16.24400240628495,-20.413940434735387,BASE_DOVISH,True,False
2025-03-31,NOKSEK,NOK,SEK,30.856431248518867,15.500608597757427,BASE_HAWKISH,True,False
2025-03-31,USDNOK,USD,NOK,10.111547960753633,-7.9127082103349125,TRANSITION,False,False
2025-03-31,NZDSEK,NZD,SEK,14.612428842233918,-4.91333183697796,TRANSITION,False,False
2025-03-31,NZDUSD,NZD,USD,-26.355550367038582,-12.501232224400475,BASE_DOVISH,True,False
2025-03-31,USDSEK,USD,SEK,40.9679792092725,7.587900387422515,BASE_HAWKISH,True,False
2025-04-30,AUDCAD,AUD,CAD,-22.375846519683158,-28.390479034021283,BASE_DOVISH,True,False
2025-04-30,AUDCHF,AUD,CHF,-16.92747410201965,-0.5562864424157183,BASE_DOVISH,True,False
2025-04-30,GBPAUD,GBP,AUD,1.2914529000322759,-3.5858389580963816,TRANSITION,False,False
2025-04-30,AUDNOK,AUD,NOK,8.340434738306527,13.536747525501632,BASE_HAWKISH,True,False
2025-04-30,AUDNZD,AUD,NZD,21.21233330079854,10.164643681708696,BASE_HAWKISH,True,False
2025-04-30,AUDSEK,AUD,SEK,19.564540156310606,-6.095578305013156,TRANSITION,False,False
2025-04-30,AUDUSD,AUD,USD,-9.83344148199211,5.474419265956627,TRANSITION,False,False
2025-04-30,CADCHF,CAD,CHF,5.448372417663506,27.834192591605564,BASE_HAWKISH,True,False
2025-04-30,GBPCAD,GBP,CAD,-21.084393619650882,-31.976317992117664,BASE_DOVISH,True,False
2025-04-30,CADNOK,CAD,NOK,30.716281257989685,41.927226559522914,BASE_HAWKISH,True,False
2025-04-30,NZDCAD,NZD,CAD,-43.5881798204817,-38.55512271572998,BASE_DOVISH,True,False
2025-04-30,CADSEK,CAD,SEK,41.940386675993764,22.294900729008127,BASE_HAWKISH,True,False
2025-04-30,USDCAD,USD,CAD,-12.542405037691047,-33.86489829997791,BASE_DOVISH,True,False
2025-04-30,GBPCHF,GBP,CHF,-15.636021201987376,-4.1421254005121,BASE_DOVISH,True,False
2025-04-30,CHFNOK,CHF,NOK,25.26790884032618,14.09303396791735,BASE_HAWKISH,True,False
2025-04-30,NZDCHF,NZD,CHF,-38.13980740281819,-10.720930124124415,BASE_DOVISH,True,False
2025-04-30,CHFSEK,CHF,SEK,36.49201425833026,-5.539291862597437,TRANSITION,False,False
2025-04-30,USDCHF,USD,CHF,-7.094032620027541,-6.030705708372345,BASE_DOVISH,True,False
2025-04-30,GBPNOK,GBP,NOK,9.631887638338803,9.95090856740525,BASE_HAWKISH,True,False
2025-04-30,GBPNZD,GBP,NZD,22.503786200830817,6.578804723612315,BASE_HAWKISH,True,False
2025-04-30,GBPSEK,GBP,SEK,20.855993056342882,-9.681417263109537,TRANSITION,False,False
2025-04-30,GBPUSD,GBP,USD,-8.541988581959835,1.888580307860245,TRANSITION,False,False
2025-04-30,NZDNOK,NZD,NOK,-12.871898562492014,3.372103843792935,TRANSITION,False,False
2025-04-30,NOKSEK,NOK,SEK,11.22410541800408,-19.632325830514787,TRANSITION,False,False
2025-04-30,USDNOK,USD,NOK,18.173876220298638,8.062328259545005,BASE_HAWKISH,True,False
2025-04-30,NZDSEK,NZD,SEK,-1.6477931444879346,-16.260221986721852,BASE_DOVISH,True,False
2025-04-30,NZDUSD,NZD,USD,-31.04577478279065,-4.69022441575207,BASE_DOVISH,True,False
2025-04-30,USDSEK,USD,SEK,29.397981638302717,-11.569997570969782,TRANSITION,False,False
2025-05-31,AUDCAD,AUD,CAD,-18.047498899628632,4.328347620054526,TRANSITION,False,False
2025-05-31,AUDCHF,AUD,CHF,-11.983167828776317,4.944306273243335,TRANSITION,False,False
2025-05-31,GBPAUD,GBP,AUD,1.8428129949172671,0.5513600948849913,BASE_HAWKISH,True,False
2025-05-31,AUDNOK,AUD,NOK,11.85653895605192,3.5161042177453936,BASE_HAWKISH,True,False
2025-05-31,AUDNZD,AUD,NZD,7.260100391420075,-13.952232909378466,TRANSITION,False,False
2025-05-31,AUDSEK,AUD,SEK,9.763000693032716,-9.80153946327789,TRANSITION,False,False
2025-05-31,AUDUSD,AUD,USD,-6.162364916230679,3.6710765657614317,TRANSITION,False,False
2025-05-31,CADCHF,CAD,CHF,6.064331070852315,0.6159586531888088,BASE_HAWKISH,True,False
2025-05-31,GBPCAD,GBP,CAD,-16.204685904711365,4.879707714939517,TRANSITION,False,False
2025-05-31,CADNOK,CAD,NOK,29.904037855680553,-0.8122434023091323,TRANSITION,False,False
2025-05-31,NZDCAD,NZD,CAD,-25.307599291048707,18.280580529432992,TRANSITION,False,False
2025-05-31,CADSEK,CAD,SEK,27.810499592661348,-14.129887083332417,TRANSITION,False,False
2025-05-31,USDCAD,USD,CAD,-11.885133983397953,0.6572710542930942,TRANSITION,False,False
2025-05-31,GBPCHF,GBP,CHF,-10.14035483385905,5.495666368128326,TRANSITION,False,False
2025-05-31,CHFNOK,CHF,NOK,23.839706784828238,-1.428202055497941,TRANSITION,False,False
2025-05-31,NZDCHF,NZD,CHF,-19.24326822019639,18.8965391826218,TRANSITION,False,False
2025-05-31,CHFSEK,CHF,SEK,21.746168521809032,-14.745845736521225,TRANSITION,False,False
2025-05-31,USDCHF,USD,CHF,-5.820802912545638,1.273229707481903,TRANSITION,False,False
2025-05-31,GBPNOK,GBP,NOK,13.699351950969188,4.067464312630385,BASE_HAWKISH,True,False
2025-05-31,GBPNZD,GBP,NZD,9.102913386337342,-13.400872814493475,TRANSITION,False,False
2025-05-31,GBPSEK,GBP,SEK,11.605813687949983,-9.2501793683929,TRANSITION,False,False
2025-05-31,GBPUSD,GBP,USD,-4.319551921313412,4.222436660646423,TRANSITION,False,False
2025-05-31,NZDNOK,NZD,NOK,4.596438564631846,17.46833712712386,BASE_HAWKISH,True,False
2025-05-31,NOKSEK,NOK,SEK,-2.093538263019205,-13.317643681023284,BASE_DOVISH,True,False
2025-05-31,USDNOK,USD,NOK,18.0189038722826,-0.1549723480160381,TRANSITION,False,False
2025-05-31,NZDSEK,NZD,SEK,2.502900301612641,4.150693446100576,BASE_HAWKISH,True,False
2025-05-31,NZDUSD,NZD,USD,-13.422465307650754,17.623309475139898,TRANSITION,False,False
2025-05-31,USDSEK,USD,SEK,15.925365609263395,-13.472616029039322,TRANSITION,False,False
2025-06-30,AUDCAD,AUD,CAD,-31.803020701782764,-13.755521802154131,BASE_DOVISH,True,False
2025-06-30,AUDCHF,AUD,CHF,-15.797300300895326,-3.8141324721190095,BASE_DOVISH,True,False
2025-06-30,AUDNOK,AUD,NOK,20.701004246482547,8.844465290430627,BASE_HAWKISH,True,False
2025-06-30,AUDNZD,AUD,NZD,7.161139457213061,-0.0989609342070139,TRANSITION,False,False
2025-06-30,AUDSEK,AUD,SEK,19.197585705586782,9.434585012554066,BASE_HAWKISH,True,False
2025-06-30,AUDUSD,AUD,USD,-6.693295534876576,-0.5309306186458969,BASE_DOVISH,True,False
2025-06-30,CADCHF,CAD,CHF,16.005720400887437,9.941389330035122,BASE_HAWKISH,True,False
2025-06-30,CADNOK,CAD,NOK,52.50402494826531,22.599987092584758,BASE_HAWKISH,True,False
2025-06-30,NZDCAD,NZD,CAD,-38.964160158995824,-13.656560867947118,BASE_DOVISH,True,False
2025-06-30,CADSEK,CAD,SEK,51.000606407369546,23.190106814708198,BASE_HAWKISH,True,False
2025-06-30,USDCAD,USD,CAD,-25.109725166906188,-13.224591183508235,BASE_DOVISH,True,False
2025-06-30,CHFNOK,CHF,NOK,36.49830454737787,12.658597762549636,BASE_HAWKISH,True,False
2025-06-30,NZDCHF,NZD,CHF,-22.958439758108387,-3.7151715379119956,BASE_DOVISH,True,False
2025-06-30,CHFSEK,CHF,SEK,34.994886006482105,13.248717484673076,BASE_HAWKISH,True,False
2025-06-30,USDCHF,USD,CHF,-9.10400476601875,-3.2832018534731127,BASE_DOVISH,True,False
2025-06-30,NZDNOK,NZD,NOK,13.539864789269487,8.94342622463764,BASE_HAWKISH,True,False
2025-06-30,NOKSEK,NOK,SEK,-1.5034185408957654,0.5901197221234398,TRANSITION,False,False
2025-06-30,USDNOK,USD,NOK,27.394299781359123,9.375395909076524,BASE_HAWKISH,True,False
2025-06-30,NZDSEK,NZD,SEK,12.036446248373721,9.53354594676108,BASE_HAWKISH,True,False
2025-06-30,NZDUSD,NZD,USD,-13.854434992089637,-0.43196968443888295,BASE_DOVISH,True,False
2025-06-30,USDSEK,USD,SEK,25.890881240463358,9.965515631199963,BASE_HAWKISH,True,False
2025-07-31,CADNOK,CAD,NOK,52.06866302238059,-0.43536192588471856,TRANSITION,False,False
2025-07-31,CADSEK,CAD,SEK,50.95329820634688,-0.04730820102266442,TRANSITION,False,False
2025-07-31,USDCAD,USD,CAD,-24.77262829500073,0.337096871905457,TRANSITION,False,False
2025-07-31,NOKSEK,NOK,SEK,-1.1153648160337113,0.38805372486205414,TRANSITION,False,False
2025-07-31,USDNOK,USD,NOK,27.296034727379862,-0.09826505397926155,TRANSITION,False,False
2025-07-31,USDSEK,USD,SEK,26.18066991134615,0.2897886708827926,BASE_HAWKISH,True,False
